Date,X04,X07,X09,X10,Y03a,Y03b,Y03aCAT,Y03bCAT
11/27/2024,0.87216073,0.18%,62.68787384,-14.12581539,0.00850654,0.00400133,1,1
11/26/2024,1.15005898,0.22%,62.82538605,-3.17367482,0.00246633,0.00042214,1,1
11/25/2024,0.94222903,0.18%,61.57218552,-20.15369987,0.00726133,0.00599202,1,1
11/22/2024,0.84556031,0.17%,61.51400375,-15.63306332,0.00807119,0.00865359,1,1
11/21/2024,0.7310515,0.15%,60.22039413,-20.50496864,0.00875261,0.0112096,1,1
11/20/2024,0.50237125,0.12%,59.24630356,-29.73054123,0.0109115,0.01524017,2,1
11/19/2024,0.540654,0.12%,54.83871078,-30.40398407,0.00764567,0.01416238,1,1
11/18/2024,0.3624917,0.10%,53.18278122,-37.03709793,0.00875888,0.01650349,1,1
11/15/2024,0.13887647,0.08%,50.88262558,-44.54546356,0.01000455,0.01913455,1,2
11/14/2024,0.92942947,0.19%,58.59060287,-20.84179306,-0.00632094,0.00418428,1,1
11/13/2024,1.40834856,0.26%,62.28866196,-9.09075928,-0.01054389,-0.00259497,1,1
11/12/2024,1.54200494,0.26%,63.55975723,-10.03362083,-0.00652261,-0.00183878,1,1
11/11/2024,1.96665227,0.30%,61.00016403,-4.47797394,-0.00733316,-0.00465644,1,1
11/8/2024,2.24181056,0.31%,63.36434174,-4.41622639,-0.00407461,-0.00339817,1,1
11/7/2024,2.37055707,0.28%,63.77433777,-3.59150434,0.00169155,0.00133172,1,1
11/6/2024,2.14365959,0.23%,60.38132095,-3.79930997,0.00892225,0.00900011,1,1
11/5/2024,-0.47809601,0.03%,53.10766983,-51.76356506,0.03099732,0.03324679,2,2
11/4/2024,-1.85822642,-0.06%,51.85548782,-89.42044067,0.0329409,0.04246975,2,2
11/1/2024,-1.50872421,-0.04%,48.43205261,-85.04619598,0.01974115,0.03616997,2,2
10/31/2024,-2.07579613,-0.08%,50.72717667,-99.01554871,0.01756105,0.03721054,2,2
10/30/2024,0.27085432,0.09%,60.85768127,-52.14191437,-0.00819817,0.01332898,1,1
10/29/2024,0.67452145,0.12%,63.06188965,-37.15077972,-0.00845954,0.00901259,1,1
10/28/2024,0.59037614,0.11%,56.23379135,-38.87567902,-0.00405662,0.00975928,1,1
10/25/2024,0.33565217,0.10%,56.77698898,-42.59499359,0.00040596,0.0119761,1,1
10/24/2024,0.43242818,0.11%,54.51106644,-35.04197693,-0.00012385,0.01043691,1,1
10/23/2024,0.25352946,0.10%,55.26413727,-41.72693634,0.00217608,0.01172283,1,1
10/22/2024,1.20081925,0.18%,59.49139023,-13.72775269,-0.00768295,0.00138922,1,1
10/21/2024,1.40487862,0.20%,61.11981201,-11.6265974,-0.00580803,0.00056635,1,1
10/18/2024,1.74785459,0.23%,63.07722092,-7.29940033,-0.00541057,-0.00103284,1,1
10/17/2024,1.58119333,0.21%,60.28509521,-18.03974533,0.00022733,0.00291024,1,1
10/16/2024,1.78876507,0.22%,66.2460022,-15.00008297,0.000301,0.0027828,1,1
10/15/2024,1.40111101,0.20%,63.07117462,-27.17396736,0.00440428,0.00673115,1,1
10/14/2024,2.37435484,0.27%,67.92075348,-4.94551611,-0.00470158,-0.00157158,1,1
10/11/2024,1.85140884,0.22%,65.68817902,-5.19835377,0.00502449,0.00675113,1,1
10/10/2024,1.33457935,0.18%,65.40572357,-12.83869171,0.0093179,0.01209281,1,1
10/9/2024,1.60317028,0.20%,69.2533493,-5.06564617,0.00452372,0.00924499,1,1
10/8/2024,0.9300642,0.16%,70.10879517,-29.69069099,0.0098695,0.01525475,1,1
10/7/2024,0.15806806,0.09%,68.49623871,-55.43254852,0.01610712,0.02339787,2,2
10/4/2024,0.88321966,0.17%,77.76132965,-22.62945175,0.00164121,0.01197865,1,1
10/3/2024,0.37847394,0.10%,64.56201172,-52.91406631,0.01032155,0.0201552,1,2
10/2/2024,0.5540663,0.13%,64.27214813,-45.18779373,0.00497444,0.01630756,1,1
10/1/2024,0.61643076,0.14%,62.84698486,-32.84536743,0.00348901,0.01492916,1,1
9/30/2024,1.1895864,0.23%,57.45009995,-6.6825099,-0.00703873,0.00403833,1,1
9/27/2024,1.04519641,0.20%,59.05910492,-13.48375511,-0.0003542,0.0080284,1,1
9/26/2024,1.39691448,0.25%,61.21977615,-6.59332275,-0.00463157,0.00283549,1,1
9/25/2024,1.32129097,0.23%,57.24274063,-5.36508703,0.00087635,0.00655195,1,1
9/24/2024,1.5745331,0.26%,58.63017654,-0.51557338,-0.0014486,0.00388427,1,1
9/23/2024,1.56802976,0.25%,56.52907944,-4.64283514,0.00190679,0.00639984,1,1
9/20/2024,1.55284846,0.24%,59.18455505,-8.83107758,0.00373671,0.00826704,1,1
9/19/2024,1.91615725,0.27%,56.62302017,-5.48702288,0.00052401,0.00550266,1,1
9/18/2024,0.71509844,0.14%,51.84391785,-25.32495117,0.01780036,0.02251035,2,2
9/17/2024,1.02430558,0.17%,52.510849,-12.6301651,0.00858252,0.01705461,1,2
9/16/2024,1.03411591,0.18%,55.7097435,-5.39964867,0.00618829,0.01590142,1,1
9/13/2024,0.99645996,0.17%,55.89463425,-8.82356071,0.00564166,0.01591864,1,1
9/12/2024,0.60238785,0.13%,59.32023239,-20.80765724,0.00909403,0.01979205,1,2
9/11/2024,-0.056601,0.07%,57.75541306,-40.03517914,0.01471217,0.02665827,2,2
9/10/2024,-0.75804281,-0.01%,59.42259216,-62.68661499,0.02014049,0.03459818,2,2
9/9/2024,-0.81317031,-0.05%,58.42041016,-71.77342224,0.01760388,0.03555391,2,2
9/6/2024,-1.29344749,-0.14%,56.34705734,-96.31243896,0.02312368,0.04378548,2,2
9/5/2024,-0.25332138,0.00%,69.50617218,-85.95941162,-0.00149276,0.022304,1,2
9/4/2024,0.02246739,0.03%,67.57801819,-87.15405273,-0.0034616,0.01766099,1,2
9/3/2024,0.21668316,0.05%,70.62197113,-49.86432648,-0.00478448,0.01345693,1,1
8/30/2024,1.01960254,0.23%,67.00930786,-2.10459471,-0.0233552,-0.00830113,0,1
8/29/2024,0.79465884,0.16%,58.15129852,-16.7600193,-0.00630529,0.00183011,1,1
8/28/2024,0.85266966,0.17%,53.83795547,-15.89152431,-0.00404822,0.00181193,1,1
8/27/2024,1.10318065,0.23%,59.11854172,-5.71788645,-0.00839957,-0.00408609,1,1
8/26/2024,1.15741134,0.23%,57.29901505,-6.87521076,-0.00426849,-0.00236303,1,1
8/23/2024,1.35617495,0.26%,58.18710327,-2.32677293,-0.00529671,-0.00459086,1,1
8/22/2024,1.04842556,0.18%,58.19548798,-13.33607197,0.00724976,0.00662058,1,1
8/21/2024,1.49642718,0.26%,59.18034363,-2.84694695,-0.00329827,-0.00215076,1,1
8/20/2024,1.51851046,0.24%,52.11228561,-4.24980021,0.00129879,0.00155256,1,1
8/19/2024,1.66234756,0.26%,52.11228561,0,-0.00078822,-0.00025031,1,1
8/16/2024,1.27557838,0.19%,52.26265335,-1.60110044,0.00908767,0.0093897,1,1
8/15/2024,1.22948027,0.17%,50.19891357,-3.70638824,0.00817597,0.01061807,1,1
8/14/2024,0.39717942,0.03%,44.33739471,-24.6281662,0.02271109,0.02693861,2,2
8/13/2024,0.17347665,0.00%,40.66170502,-28.50526237,0.01838048,0.02764222,2,2
8/12/2024,-0.61073065,-0.14%,37.75394821,-48.3540535,0.02906703,0.04203484,2,2
8/9/2024,-0.70698547,-0.16%,38.51156616,-51.05237961,0.01989837,0.03856131,2,2
8/8/2024,-0.9500314,-0.20%,39.11683655,-55.94011688,0.01760753,0.03932348,2,2
8/7/2024,-1.92329931,-0.40%,30.78431511,-81.94580078,0.03534365,0.05973985,2,2
8/6/2024,-1.96859825,-0.36%,35.06129837,-75.60708618,0.01646051,0.04673697,2,2
8/5/2024,-2.7975781,-0.45%,32.33075333,-86.34790039,0.02105793,0.05268228,2,2
8/2/2024,-2.06520963,-0.22%,38.30261993,-87.76782227,-0.01640888,0.01620776,0,1
8/1/2024,-1.19191289,-0.07%,45.08217621,-79.94512177,-0.02901485,-0.00387935,0,1
7/31/2024,-0.27048871,0.04%,50.93984604,-52.86509323,-0.0327177,-0.01710025,0,0
7/30/2024,-1.42452061,-0.09%,47.71036148,-83.67358398,-0.00639507,0.00004507,1,1
7/29/2024,-1.09254181,-0.05%,50.4166069,-73.39090729,-0.00947377,-0.00519223,1,1
7/26/2024,-1.13891804,-0.05%,47.54737854,-74.84313202,-0.00558094,-0.00396158,1,1
7/25/2024,-2.06338239,-0.14%,43.81251144,-96.62486267,0.00745472,0.00759263,1,1
7/24/2024,-1.93770754,-0.10%,45.98708344,-96.76140594,-0.00010265,0.00178754,1,1
7/23/2024,0.05328628,0.09%,57.67081451,-66.0353775,-0.0229575,-0.02131049,0,0
7/22/2024,0.27768287,0.11%,57.15562057,-48.55986404,-0.01694685,-0.02091619,0,0
7/19/2024,-0.56801593,0.04%,51.61103821,-71.39434052,-0.00102972,-0.00873529,1,1
7/18/2024,0.03289164,0.10%,53.67174911,-55.09621048,-0.0073559,-0.01452465,1,1
7/17/2024,0.71737975,0.17%,59.34925079,-36.58658218,-0.01238972,-0.02056523,0,0
7/16/2024,2.02406216,0.30%,72.77474976,-1.73099077,-0.02211247,-0.0323149,0,0
7/15/2024,1.8355732,0.27%,71.11539459,-14.66867161,-0.00914832,-0.02372611,1,0
7/12/2024,1.80614948,0.26%,70.6774292,-17.91064072,-0.00308553,-0.01849983,1,0
7/11/2024,1.41897416,0.22%,71.34321594,-29.68648529,0.00410942,-0.01066212,1,1
7/10/2024,2.36440516,0.31%,80.35807037,-2.10463834,-0.0058529,-0.01813306,1,0
7/9/2024,1.74080181,0.25%,78.51263428,-8.35193729,0.00569078,-0.00693385,1,1
7/8/2024,1.75688183,0.25%,76.74879456,-6.54646397,0.00489548,-0.00518299,1,1
7/5/2024,1.84751248,0.26%,76.18093109,-1.8827647,0.00422788,-0.00373276,1,1
7/3/2024,1.47633207,0.22%,77.93688965,-2.97848892,0.00881397,0.00258111,1,1
7/2/2024,1.10440612,0.20%,76.90172577,-12.49992085,0.01042157,0.00686486,1,1
7/1/2024,0.63039416,0.15%,75.01501465,-26.81894302,0.01347618,0.01273467,2,1
6/28/2024,0.5292235,0.15%,77.09881592,-33.7341156,0.01130414,0.01384767,2,1
6/27/2024,1.09634626,0.22%,78.10931396,-11.3649044,0.00009729,0.00505314,1,1
6/26/2024,1.09895194,0.22%,70.70890808,-16.05521393,0.0016154,0.00612943,1,1
6/25/2024,1.14409721,0.22%,70.5790329,-16.41250801,0.00219257,0.0066662,1,1
6/24/2024,0.99114913,0.20%,71.47914124,-22.90767479,0.00562424,0.01021276,1,1
6/21/2024,1.27224684,0.24%,67.59923553,-15.62743473,0.00104894,0.00652486,1,1
6/20/2024,1.57251501,0.27%,67.08590698,-9.77439308,-0.0014897,0.00370305,1,1
6/18/2024,2.00056386,0.31%,70.34482574,-0.28689614,-0.00376659,0.00056486,1,1
6/17/2024,2.17431688,0.31%,69.72566223,-4.47650194,0.0001466,0.00317664,1,1
6/14/2024,1.9099797,0.26%,67.14097595,-4.94289732,0.00803466,0.01083316,1,1
6/13/2024,2.17560554,0.26%,65.17671967,-6.63290453,0.00616298,0.01061153,1,1
6/12/2024,2.4406147,0.26%,69.1244278,-10.60406017,0.0060053,0.01150796,1,1
6/11/2024,1.82596862,0.20%,67.75746155,-0.75672257,0.01236471,0.01882637,2,2
6/10/2024,1.67122066,0.20%,66.88905334,-6.56889105,0.01053648,0.01934673,1,2
6/7/2024,1.39418876,0.18%,66.03295135,-16.01180649,0.01032776,0.0208419,1,2
6/6/2024,1.67263877,0.20%,69.28262329,-4.7133193,0.00557395,0.0175301,1,2
6/5/2024,1.79849291,0.21%,69.48130035,0,0.00349141,0.01563326,1,1
6/4/2024,0.57615048,0.13%,65.1707077,-31.45822716,0.01431655,0.0262746,2,2
6/3/2024,0.5199005,0.12%,68.74227905,-35.82534409,0.01077207,0.02501723,2,2
5/31/2024,0.48645717,0.12%,72.31947327,-39.74835968,0.00828291,0.02375303,1,2
5/30/2024,-0.08573321,0.06%,72.38594055,-77.0160675,0.01427036,0.03037816,2,2
5/29/2024,0.45682997,0.13%,75.26100922,-41.86041641,0.00273056,0.02058122,1,2
5/28/2024,0.91127074,0.19%,69.02581024,-17.40446854,-0.00523389,0.01144853,1,1
5/24/2024,0.96427745,0.20%,69.80519867,-19.76944351,-0.00269078,0.01116775,1,1
5/23/2024,0.70568711,0.15%,70.60450745,-36.04839706,0.00499932,0.01697834,1,1
5/22/2024,1.16354513,0.23%,73.05805206,-7.32163,-0.0041242,0.00781485,1,1
5/21/2024,1.43769097,0.26%,74.70735931,-0.44133937,-0.00564843,0.00414302,1,1
5/20/2024,1.4746778,0.26%,76.87309265,-4.88955116,-0.0010867,0.00644758,1,1
5/17/2024,1.58071518,0.26%,78.31152344,-6.39239931,0.00026111,0.00682556,1,1
5/16/2024,1.65712965,0.26%,72.94178009,-8.84055042,0.00165597,0.00766616,1,1
5/15/2024,1.98784053,0.29%,72.79349518,-1.17569292,-0.00080824,0.00501273,1,1
5/14/2024,1.62684202,0.20%,66.31522369,-1.77609599,0.01163659,0.01677251,2,1
5/13/2024,1.56451845,0.17%,63.90315628,-7.12445641,0.01253585,0.01998827,2,2
5/10/2024,1.77995682,0.18%,57.58478165,-7.13369656,0.00842039,0.01814849,1,2
5/9/2024,1.92114174,0.17%,51.57498169,0,0.00685446,0.01767427,1,2
5/8/2024,1.56025374,0.13%,52.0662384,-5.36499596,0.01033821,0.02182521,1,2
5/7/2024,1.63168418,0.13%,48.69468307,-5.45303249,0.00693449,0.01978949,1,2
5/6/2024,1.46141458,0.12%,48.6301384,-0.43039849,0.00606205,0.01936277,1,2
5/3/2024,0.66316968,0.04%,45.1410675,-5.96484613,0.01416773,0.0277809,2,2
5/2/2024,-0.27685684,-0.06%,44.51992798,-47.58757782,0.0219702,0.03785496,2,2
5/1/2024,-0.95426726,-0.14%,37.15170288,-70.07444,0.02411095,0.04389665,2,2
4/30/2024,-0.83393508,-0.12%,38.39125061,-67.99830627,0.01277083,0.03633616,2,2
4/29/2024,0.10279398,0.00%,41.0145607,-36.50657272,-0.00742567,0.01655098,1,1
4/26/2024,-0.187731,-0.03%,39.03073502,-46.11339569,-0.00147884,0.01851583,1,2
4/25/2024,-0.82781166,-0.12%,34.03022003,-64.85834503,0.00901334,0.02692924,1,2
4/24/2024,-0.68554962,-0.09%,39.77349472,-57.08501816,0.00185057,0.0201303,1,2
4/23/2024,-0.71715021,-0.09%,39.11236572,-60.33359146,0.00050137,0.01746829,1,2
4/22/2024,-1.48351383,-0.20%,31.90073776,-81.32707977,0.01295151,0.02861703,2,2
4/19/2024,-2.17051435,-0.28%,25.61768532,-95.64897919,0.01738866,0.03479569,2,2
4/18/2024,-2.09033394,-0.22%,29.83136177,-96.92626953,0.00312837,0.02285122,1,2
4/17/2024,-2.35921121,-0.21%,35.72865295,-94.62236786,-0.00020191,0.01834502,1,2
4/16/2024,-2.45343995,-0.17%,40.67827606,-94.21486664,-0.0061626,0.01046894,1,1
4/15/2024,-2.88572407,-0.15%,44.35227585,-96.06432343,-0.00589132,0.00766461,1,1
4/12/2024,-1.95289886,-0.05%,46.5715332,-88.35085297,-0.01657022,-0.00584581,0,1
4/11/2024,-0.18378019,0.06%,51.8037529,-53.08974075,-0.02452901,-0.01884967,0,0
4/10/2024,-1.19518101,0.01%,47.40287781,-84.24833679,-0.00925608,-0.00996295,1,1
4/9/2024,0.18411081,0.09%,57.86285782,-49.87469101,-0.01579106,-0.01860688,0,0
4/8/2024,0.10203424,0.09%,56.83250046,-54.8036499,-0.00930267,-0.0156179,1,1
4/5/2024,0.12876506,0.09%,53.31554031,-56.39097214,-0.00580553,-0.01373732,1,1
4/4/2024,-1.15315616,0.01%,52.95821381,-80.99165344,0.00671456,-0.00193493,1,1
4/3/2024,0.41317257,0.12%,62.47496033,-40.49593353,-0.00789646,-0.0140469,1,1
4/2/2024,0.39558238,0.12%,56.15603638,-43.45731735,-0.00436748,-0.0118189,1,1
4/1/2024,1.13871598,0.19%,59.26243591,-21.83185387,-0.00943337,-0.01716406,1,0
3/28/2024,1.40447414,0.21%,63.63096237,-16.0251236,-0.00759128,-0.01681975,1,1
3/27/2024,1.55761337,0.22%,64.90320587,-15.64658833,-0.00518497,-0.01534091,1,1
3/26/2024,0.79823411,0.17%,60.94808197,-41.89270782,0.00524172,-0.0052725,1,1
3/25/2024,1.16398418,0.20%,63.33678818,-33.29141617,0.00068099,-0.00756075,1,1
3/22/2024,1.53379083,0.24%,62.72578049,-21.1678791,-0.00213487,-0.0094108,1,1
3/21/2024,2.20699525,0.29%,65.80410767,-9.85393524,-0.00592497,-0.01298437,1,1
3/20/2024,2.30545878,0.27%,70.79985046,-1.69166136,-0.0006281,-0.00845179,1,1
3/19/2024,1.41717637,0.22%,68.69003296,-5.71880913,0.00830348,0.00101237,1,1
3/18/2024,0.91893673,0.18%,63.66313171,-27.36910248,0.01116974,0.00652425,2,1
3/15/2024,0.44938159,0.14%,58.55838013,-50.76663589,0.01374822,0.01219498,2,1
3/14/2024,1.11262786,0.21%,64.9203186,-24.4552269,0.00221411,0.00406933,1,1
3/13/2024,1.40216887,0.24%,69.0164566,-16.0612812,-0.00071979,0.00148106,1,1
3/12/2024,1.6161803,0.27%,62.29535675,-9.07784081,-0.00199483,-0.00017764,1,1
3/11/2024,0.94989306,0.20%,58.57064056,-27.75327301,0.00935799,0.0105396,1,1
3/8/2024,1.11868811,0.22%,60.87570572,-26.03514481,0.00540443,0.00869883,1,1
3/7/2024,1.76305771,0.28%,64.33061981,-4.51672077,-0.00248318,0.00175823,1,1
3/6/2024,1.12971961,0.22%,63.72014236,-20.94742584,0.00822955,0.01150793,1,1
3/5/2024,0.76468545,0.19%,62.98215103,-33.94743347,0.01081414,0.01576569,2,1
3/4/2024,1.68552959,0.29%,66.91131592,-8.00930786,-0.00288682,0.00409728,1,1
3/1/2024,2.02351928,0.31%,70.49520111,-1.63695967,-0.0031101,0.00251477,1,1
2/29/2024,1.41421628,0.25%,71.22130585,-10.85620022,0.00754405,0.01193454,1,1
2/28/2024,1.1397146,0.23%,61.68442154,-20.48127937,0.00874519,0.01453508,1,1
2/27/2024,1.38139081,0.26%,62.09785461,-16.45217323,0.0042759,0.01158524,1,1
2/26/2024,1.40108407,0.26%,63.56314468,-21.26462746,0.00470512,0.01235043,1,1
2/23/2024,1.84719706,0.31%,65.07255554,-11.40206146,-0.00053814,0.00746987,1,1
2/22/2024,2.09327388,0.32%,66.34889984,-4.30827618,0.00009119,0.00721161,1,1
2/21/2024,0.55258679,0.16%,60.56600189,-31.89602089,0.02106993,0.02766978,2,2
2/20/2024,0.54266268,0.17%,61.18746567,-32.80665588,0.01506836,0.02606748,2,2
2/16/2024,1.05729377,0.23%,64.83226776,-19.53656387,0.00450061,0.01796563,1,2
2/15/2024,1.55178511,0.28%,70.92401123,-7.10888004,-0.00212996,0.01105658,1,1
2/14/2024,1.15150428,0.24%,71.31291962,-23.43330193,0.00533475,0.01683553,1,1
2/13/2024,0.58577311,0.18%,65.90206146,-46.18216705,0.01310642,0.02489324,2,2
2/12/2024,1.5103699,0.31%,72.50150299,-12.00631905,-0.00548021,0.00811048,1,1
2/9/2024,1.71525061,0.34%,72.91666412,-2.08324862,-0.00410762,0.00687876,1,1
2/8/2024,1.59086704,0.31%,71.2028656,-1.77460313,0.00292199,0.0119349,1,1
2/7/2024,1.7562325,0.32%,72.6763916,-2.1136539,0.00262658,0.01148271,1,1
2/6/2024,1.42850435,0.27%,68.89780426,-8.51752281,0.00998074,0.0186897,1,2
2/5/2024,1.38123655,0.26%,71.72744751,-13.54386711,0.00978986,0.02007759,1,2
2/2/2024,1.72671819,0.30%,74.36752319,-6.64730215,0.00284861,0.01444486,1,1
2/1/2024,1.23178077,0.23%,69.7674408,-10.74996948,0.01219306,0.0234779,2,2
1/31/2024,0.50912988,0.14%,60.87342072,-39.94995117,0.02139409,0.03467998,2,2
1/30/2024,1.62375355,0.29%,67.71886444,-3.19992065,-0.00226067,0.01457504,1,1
1/29/2024,1.91114867,0.31%,66.32850647,-0.60603631,-0.00221477,0.0124688,1,1
1/26/2024,1.69359577,0.26%,63.51740646,-6.68755388,0.00578586,0.01863636,1,2
1/25/2024,1.99464822,0.28%,64.71347046,-3.35767817,0.00325289,0.01624937,1,1
1/24/2024,1.8455236,0.25%,64.06414032,-15.57184505,0.00780868,0.02041238,1,2
1/23/2024,2.08067775,0.26%,64.65873718,-1.73621714,0.00604043,0.01931395,1,2
1/22/2024,2.16624689,0.25%,67.0998764,-9.37514877,0.00700981,0.02049744,1,2
1/19/2024,2.25245261,0.24%,55.24259949,-2.13745785,0.00696229,0.02086596,1,2
1/18/2024,0.88742751,0.15%,52.60178757,-16.75626945,0.01693772,0.03134926,2,2
1/17/2024,-0.36482632,0.09%,51.1006279,-51.3440361,0.02028475,0.03750851,2,2
1/16/2024,0.47375885,0.14%,53.21637344,-29.56985474,0.00788088,0.02818027,1,2
1/12/2024,1.02378678,0.18%,56.47777939,-16.21865463,0.00183414,0.02200776,1,2
1/11/2024,1.06399894,0.19%,61.54964447,-14.64534569,0.00168013,0.02037776,1,2
1/10/2024,1.14602065,0.20%,63.35329056,-8.82348537,0.00077713,0.01808826,1,2
1/9/2024,0.42155293,0.16%,62.43093872,-36.96074295,0.0071181,0.02307026,1,2
1/8/2024,0.73420662,0.19%,65.12097168,-26.56859207,0.00230347,0.01839194,1,2
1/5/2024,-0.41510421,0.08%,62.97089005,-86.86275482,0.01586061,0.03118136,2,2
1/4/2024,-0.34331277,0.08%,60.24624634,-97.71546173,0.01186803,0.02952869,2,2
1/3/2024,-0.0322387,0.12%,61.83337021,-65.28788757,0.00473007,0.02347509,1,2
1/2/2024,0.50666809,0.19%,63.32529449,-31.02109337,-0.00428915,0.01366251,1,1
12/29/2023,0.96289492,0.26%,69.22226715,-12.2744236,-0.00922845,0.00589508,1,1
12/28/2023,1.21760166,0.30%,72.08488464,-4.65486908,-0.00880729,0.00264804,1,1
12/27/2023,1.32950509,0.32%,71.61838531,-1.68958437,-0.00571256,0.00255617,1,1
12/26/2023,1.36835444,0.32%,71.37522125,-5.39496422,-0.00198506,0.00414708,1,1
12/22/2023,1.27664471,0.31%,69.03690338,-14.11363792,0.00282925,0.00792587,1,1
12/21/2023,1.28146124,0.31%,68.48373413,-18.97880745,0.00421623,0.00951352,1,1
12/20/2023,0.82711643,0.25%,66.65859222,-39.16185379,0.01258032,0.01843343,2,2
12/19/2023,2.0677309,0.42%,80.29772186,-0.13856253,-0.01025322,-0.00211559,1,1
12/18/2023,2.06403899,0.39%,80.56435394,-4.33679247,-0.00079273,0.00415872,1,1
12/15/2023,2.01221538,0.37%,79.47704315,-12.08084965,0.00512553,0.00944093,1,1
12/14/2023,2.48265433,0.40%,81.43858337,-8.56831932,0.00189023,0.00700726,1,1
12/13/2023,2.83344865,0.40%,81.22688293,-0.81031513,0.00420043,0.00929509,1,1
12/12/2023,2.19049621,0.31%,82.29650879,0,0.01645551,0.02214139,2,2
12/11/2023,1.61663175,0.28%,80.12232208,-1.59398341,0.01599477,0.02510217,2,2
12/8/2023,1.31958318,0.27%,82.56437683,-4.79214525,0.01458226,0.02667744,2,2
12/7/2023,0.96958798,0.25%,75.25960541,-13.05252838,0.01401326,0.0284897,2,2
12/6/2023,0.54370576,0.20%,73.21528625,-42.46715546,0.01724087,0.03380374,2,2
12/5/2023,0.86289132,0.25%,77.74599457,-25.98880386,0.0072755,0.0262862,1,2
12/4/2023,0.96009326,0.27%,78.5112381,-21.0737896,0.00453915,0.02346581,1,2
12/1/2023,1.31700039,0.33%,85.11038971,-2.60874724,-0.00201443,0.01609884,1,1
11/30/2023,1.1230371,0.30%,86.85211182,-7.82530832,0.00451468,0.02051662,1,2
11/29/2023,0.99182993,0.28%,87.62032318,-14.57876778,0.00689914,0.02251235,1,2
11/28/2023,1.06296504,0.31%,88.73902893,-5.97160864,0.00395058,0.01970934,1,2
11/27/2023,1.08771777,0.32%,89.65381622,-7.91460848,0.00361795,0.01883144,1,2
11/24/2023,1.20473289,0.35%,88.00926971,-4.45498657,0.0006629,0.01526345,1,1
11/22/2023,1.28634059,0.37%,80.59356689,-5.44938469,0.00099218,0.01436747,1,1
11/21/2023,1.28932178,0.35%,72.63175201,-7.07768631,0.00498774,0.01737875,1,2
11/20/2023,1.52762079,0.39%,75.19429779,-2.29308867,0.00070526,0.01307145,1,1
11/17/2023,1.4751873,0.35%,73.02764893,-1.40231037,0.00800428,0.01944621,1,2
11/16/2023,1.61688614,0.35%,67.16464996,-2.83251524,0.00681865,0.01909472,1,2
11/15/2023,1.79453635,0.35%,63.48704147,-4.12585402,0.00595613,0.01870442,1,2
11/14/2023,1.97673762,0.35%,58.21801758,-3.43361282,0.00616274,0.01914334,1,2
11/13/2023,1.35935366,0.20%,53.07643509,-3.51938558,0.0233987,0.03686424,2,2
11/10/2023,1.46824443,0.22%,56.31736374,-0.85704541,0.01457063,0.03230679,2,2
11/9/2023,0.83184987,0.10%,50.0957222,-15.73864079,0.0254684,0.04528898,2,2
11/8/2023,1.20929253,0.16%,50.59619904,-3.12494969,0.00930734,0.03312316,1,2
11/7/2023,1.17958152,0.16%,51.6556282,-2.68203855,0.00703233,0.03081557,1,2
11/6/2023,1.06725979,0.14%,52.34690475,-2.5693078,0.0075251,0.03078292,1,2
11/3/2023,1.00694978,0.12%,53.68579865,-11.5210762,0.00695402,0.0298325,1,2
11/2/2023,0.57995123,0.04%,54.36820984,-25.30121231,0.01392645,0.03648847,2,2
11/1/2023,-0.35978261,-0.12%,48.47023773,-53.08737564,0.02846171,0.05264171,2,2
10/31/2023,-0.93895972,-0.22%,47.26004028,-69.01351166,0.03019406,0.05916332,2,2
10/30/2023,-1.29112351,-0.29%,41.24412537,-77.71090698,0.02630057,0.05990196,2,2
10/27/2023,-2.07991076,-0.40%,36.56064224,-94.80419922,0.02977682,0.06688141,2,2
10/26/2023,-2.23617911,-0.38%,37.03965759,-96.50921631,0.01533053,0.05581077,2,2
10/25/2023,-1.86401165,-0.29%,41.30517197,-96.9556427,-0.00217994,0.03760084,1,2
10/24/2023,-0.99486876,-0.19%,46.22561264,-71.31362915,-0.01553869,0.01943397,0,2
10/23/2023,-1.69483554,-0.26%,37.72945023,-86.80969238,-0.00295562,0.02519574,1,2
10/20/2023,-1.78853571,-0.25%,40.2427063,-94.17127228,-0.00372413,0.02099898,1,2
10/19/2023,-0.83781379,-0.16%,43.58702469,-64.54161835,-0.01490493,0.00630933,0,1
10/18/2023,-0.05784721,-0.10%,40.7532196,-44.2015686,-0.01832869,-0.00281632,0,1
10/17/2023,1.06770575,0.01%,42.03639221,-11.6576395,-0.02543625,-0.01589465,0,1
10/16/2023,0.83758098,0.00%,41.33145523,-7.79950094,-0.0169331,-0.01435635,0,1
10/13/2023,-0.0536591,-0.09%,36.61451721,-34.11526871,-0.00093823,-0.00265626,1,1
10/12/2023,0.18371867,-0.05%,34.33170319,-20.79899216,-0.00589165,-0.00766013,1,1
10/11/2023,0.38120872,-0.01%,40.62126541,-4.79233408,-0.00991517,-0.01289994,1,1
10/10/2023,0.08312169,-0.05%,39.15527725,-17.54057121,-0.00240503,-0.00748778,1,1
10/9/2023,-0.23369399,-0.10%,34.85865402,-53.12891769,0.00354957,-0.00164831,1,1
10/6/2023,-0.60764837,-0.16%,34.93804932,-64.17472076,0.00904791,0.00516438,1,1
10/5/2023,-1.20414197,-0.27%,29.04297829,-84.03946686,0.01802965,0.01665417,2,1
10/4/2023,-1.3018713,-0.28%,28.48142433,-84.1967392,0.01116395,0.0142096,2,1
10/3/2023,-1.79159093,-0.35%,22.28981018,-95.22466278,0.01485423,0.02030791,2,2
10/2/2023,-1.40022445,-0.26%,24.1071434,-87.15083313,-0.00367666,0.00468045,1,1
9/29/2023,-1.55428493,-0.27%,25.66229057,-87.0311203,-0.00252732,0.00415802,1,1
9/28/2023,-1.63459659,-0.27%,25.9069767,-83.28011322,-0.00406887,0.00136513,1,1
9/27/2023,-1.97313046,-0.29%,27.47552681,-86.43258667,-0.00070713,0.00324862,1,1
9/26/2023,-2.36320615,-0.31%,35.79201889,-96.45224762,-0.0002424,0.00316895,1,1
9/25/2023,-1.87757313,-0.20%,43.98018265,-83.07216644,-0.01483522,-0.01185099,0,1
9/22/2023,-2.4277854,-0.24%,45.17285156,-97.7716217,-0.00577473,-0.00661024,1,1
9/21/2023,-2.53912401,-0.23%,41.29890442,-98.80139923,-0.00625303,-0.0083788,1,1
9/20/2023,-1.41195083,-0.10%,51.95564651,-98.24700165,-0.02048894,-0.02384516,0,0
9/19/2023,-0.31628576,-0.02%,54.9349823,-76.18621063,-0.02288577,-0.03072669,0,0
9/18/2023,-0.03674107,-0.01%,58.30939484,-74.58782196,-0.01723062,-0.02974865,0,0
9/15/2023,-0.0435716,-0.02%,58.24085617,-69.10030365,-0.0103988,-0.02584402,1,0
9/14/2023,1.12443388,0.09%,60.5943985,-17.35590363,-0.01931287,-0.03555797,0,0
9/13/2023,0.49222797,0.02%,53.62318802,-38.03141403,-0.00433551,-0.02379856,1,0
9/12/2023,0.42824399,0.01%,48.1672287,-40.82704926,-0.00172264,-0.02038611,1,0
9/11/2023,0.87010628,0.06%,52.63990402,-27.95582199,-0.00650538,-0.02370877,1,0
9/8/2023,0.33618453,0.00%,49.58557892,-43.62250519,0.00220535,-0.01502096,1,1
9/7/2023,0.21106973,-0.01%,49.24906158,-42.30172729,0.00284189,-0.01223916,1,1
9/6/2023,0.46424448,0.02%,47.7355423,-35.89079285,-0.00108617,-0.01401579,1,1
9/5/2023,1.03291798,0.08%,48.7809906,-20.91440392,-0.0076215,-0.01949586,1,0
9/1/2023,1.38102365,0.12%,54.30503082,-11.40311909,-0.0094233,-0.02192652,1,0
8/31/2023,1.30357194,0.10%,51.39023972,-12.53426361,-0.00416902,-0.01775388,1,0
8/30/2023,1.46235967,0.12%,50.75859451,-3.89996338,-0.0040549,-0.01732161,1,0
8/29/2023,1.10380983,0.08%,43.99928665,-14.01148701,0.00145373,-0.01156904,1,1
8/28/2023,-0.2379889,-0.04%,36.6292572,-47.61634445,0.01518937,0.00359028,2,1
8/25/2023,-0.78840381,-0.09%,34.27653885,-63.08132172,0.01677367,0.00985052,2,1
8/24/2023,-1.29512048,-0.15%,36.06013107,-78.54647827,0.01788101,0.01559595,2,1
8/23/2023,-0.54798031,-0.05%,37.96505737,-50.21878052,-0.00153189,0.00062905,1,1
8/22/2023,-1.31583345,-0.14%,32.0423317,-73.96072388,0.00974738,0.01135493,1,1
8/21/2023,-1.28068888,-0.13%,34.73376846,-68.75341034,0.00368122,0.00744592,1,1
8/18/2023,-1.8722378,-0.18%,33.40211105,-85.42513275,0.00907743,0.01338819,1,1
8/17/2023,-2.27505279,-0.20%,32.90993118,-98.30094147,0.00698062,0.01304773,1,1
8/16/2023,-2.13201475,-0.14%,33.32553864,-99.29827118,-0.00347813,0.00361527,1,1
8/15/2023,-1.84131014,-0.08%,37.26937103,-96.2516098,-0.00969717,-0.00414889,1,1
8/14/2023,-0.88704461,0.02%,46.81341171,-70.425354,-0.01785469,-0.01517481,0,1
8/11/2023,-1.57559788,-0.03%,45.60209274,-86.02290344,-0.00632795,-0.00816485,1,1
8/10/2023,-1.60882723,-0.02%,45.66186142,-91.35244751,-0.005142,-0.00830777,1,1
8/9/2023,-1.83803058,-0.02%,49.7454567,-94.73697662,-0.00284397,-0.00693491,1,1
8/8/2023,-0.99634343,0.04%,56.86885834,-75.729599,-0.00852912,-0.01287852,1,1
8/7/2023,-0.29908121,0.08%,61.89131927,-66.58424377,-0.00998435,-0.01592455,1,1
8/4/2023,-0.96053237,0.01%,59.38831711,-97.11215973,0.0022998,-0.00552175,1,1
8/3/2023,-0.37270343,0.06%,61.04096985,-88.15553284,-0.00337249,-0.00986946,1,1
8/2/2023,-0.05551441,0.09%,57.83691406,-85.20337677,-0.00507102,-0.01173335,1,1
8/1/2023,0.99845546,0.22%,65.69606018,-25.13604164,-0.01718757,-0.02432265,0,0
7/31/2023,1.32899618,0.26%,68.85199738,-11.00301552,-0.01451313,-0.02502838,0,0
7/28/2023,1.34268904,0.25%,71.97468567,-12.40477753,-0.007765,-0.02075919,1,0
7/27/2023,0.76109511,0.19%,68.69540405,-31.50815201,0.0045127,-0.00922534,1,1
7/26/2023,1.31899083,0.26%,74.80962372,-6.8985405,-0.00379541,-0.0150737,1,1
7/25/2023,1.44327056,0.27%,77.73290253,-6.02540922,-0.00229196,-0.01340256,1,1
7/24/2023,1.36026454,0.27%,73.58892059,-11.45428848,0.00141488,-0.00921461,1,1
7/21/2023,1.21731269,0.25%,66.66666412,-21.33626175,0.00518243,-0.00413712,1,1
7/20/2023,1.34736383,0.26%,67.83495331,-21.61710548,0.00357576,-0.00362325,1,1
7/19/2023,1.97437394,0.33%,68.72324371,-5.83939266,-0.00415893,-0.00978394,1,1
7/18/2023,2.18465757,0.33%,64.87216949,-3.26937366,-0.00062218,-0.00671473,1,1
7/17/2023,1.98050117,0.29%,59.55430603,-6.16850185,0.00716274,0.00145944,1,1
7/14/2023,1.95814109,0.27%,63.06432724,-11.42523384,0.00828046,0.00481364,1,1
7/13/2023,2.41578412,0.29%,63.81933212,-4.41537333,0.00471698,0.00355279,1,1
7/12/2023,1.96683741,0.24%,63.20799637,-10.22384834,0.01132145,0.01139183,2,1
7/11/2023,1.13905692,0.19%,63.58068466,-15.82464409,0.01547804,0.0182589,2,2
7/10/2023,0.38412192,0.15%,61.84600067,-40.51481247,0.01679634,0.0230372,2,2
7/7/2023,0.17794184,0.14%,63.00550461,-53.21845627,0.01390819,0.0235796,2,2
7/6/2023,0.48906437,0.17%,62.48220062,-44.69649887,0.00692289,0.01895664,1,2
7/5/2023,1.26296508,0.25%,68.48347473,-14.59670067,-0.0035766,0.00885724,1,1
7/3/2023,1.55850101,0.28%,68.7436676,-6.34643936,-0.00460913,0.0057657,1,1
6/30/2023,1.58216357,0.28%,72.20094299,-10.99560642,-0.00116352,0.00714182,1,1
6/29/2023,0.73868352,0.20%,71.50115204,-42.57486343,0.01106569,0.01838882,2,2
6/28/2023,0.79203939,0.21%,68.25396729,-35.54677582,0.00727711,0.01653655,1,1
6/27/2023,0.83976328,0.22%,68.21192169,-36.57707214,0.00530092,0.0154157,1,1
6/26/2023,0.27306455,0.15%,68.58638763,-61.82036209,0.01465457,0.02518358,2,2
6/23/2023,0.57544971,0.19%,73.14659119,-52.37563705,0.00560029,0.01856207,1,2
6/22/2023,1.00310969,0.27%,73.40942383,-31.89388466,-0.00379522,0.00916756,1,1
6/21/2023,0.93079674,0.26%,66.34098053,-29.42998695,0.00109995,0.01196394,1,1
6/20/2023,1.28285801,0.32%,69.53270721,-20.42523003,-0.00474936,0.00528661,1,1
6/16/2023,1.65494084,0.38%,71.40115356,-13.32577896,-0.00776604,0.00014662,1,1
6/15/2023,2.09416413,0.43%,75.75325775,-4.47136545,-0.00884601,-0.00355564,1,1
6/14/2023,1.77966869,0.35%,75.42810059,-7.50406694,0.00685074,0.00956541,1,1
6/13/2023,1.95495844,0.36%,71.54134369,-2.2151804,0.00534328,0.00943371,1,1
6/12/2023,1.87993681,0.32%,70.78014374,-0.13561837,0.01018282,0.01518883,1,1
6/9/2023,1.56646097,0.26%,67.70495605,-9.33200073,0.01604013,0.02305779,2,2
6/8/2023,1.65763986,0.26%,66.46421051,-2.19777083,0.01238485,0.02257024,2,2
6/7/2023,1.46497726,0.23%,65.94713593,-15.10990524,0.01430062,0.02653762,2,2
6/6/2023,1.88948417,0.26%,65.44261932,-8.02193928,0.00622254,0.02065171,1,2
6/5/2023,2.05677819,0.26%,64.98339081,-12.47247982,0.00622061,0.0207871,1,2
6/2/2023,2.65589547,0.29%,70.61694336,-4.02520037,0.00220647,0.01683839,1,1
6/1/2023,1.70019102,0.18%,63.14480972,-7.84928083,0.01617378,0.03013972,2,2
5/31/2023,0.94633609,0.11%,56.75561142,-35.15677261,0.02047199,0.03711687,2,2
5/30/2023,1.60415721,0.16%,54.25101089,-17.98748398,0.0081332,0.02795867,1,2
5/26/2023,1.74197757,0.16%,53.85546875,-6.40450764,0.00573472,0.02561484,1,2
5/25/2023,0.41426086,0.07%,52.20572662,-51.55961609,0.0168677,0.03647131,2,2
5/24/2023,-0.56789261,0.00%,55.96223831,-80.19793701,0.02005532,0.04199771,2,2
5/23/2023,0.358282,0.06%,57.27523422,-38.79640961,0.0057795,0.03022276,1,2
5/22/2023,1.53180087,0.16%,55.42835236,-11.26767159,-0.00736529,0.0158637,1,1
5/19/2023,1.66150784,0.17%,55.67362213,-12.6120472,-0.00436673,0.01490671,1,1
5/18/2023,2.07512283,0.19%,56.50926971,-2.66221714,-0.00449019,0.01188209,1,1
5/17/2023,1.22121513,0.11%,50.91661835,-17.21699905,0.00675582,0.02063398,1,2
5/16/2023,-0.30168816,0.02%,46.11891937,-52.59435272,0.01649555,0.03082955,2,2
5/15/2023,0.49758866,0.08%,49.06818008,-32.86181259,0.00430964,0.02109423,1,2
5/12/2023,0.03712622,0.05%,49.04502106,-43.16053772,0.00634722,0.02261551,1,2
5/11/2023,0.19456659,0.07%,48.74576187,-39.15102768,0.00287889,0.01908732,1,2
5/10/2023,0.35170552,0.08%,54.40510559,-34.98437119,0.00051879,0.01584759,1,1
5/9/2023,-0.12510863,0.05%,51.16663361,-47.95601654,0.00471774,0.01877124,1,2
5/8/2023,0.42584497,0.09%,53.01024628,-35.06306076,-0.00119358,0.01258496,1,1
5/5/2023,0.40329915,0.09%,53.21003342,-36.71393967,-0.00024206,0.01194693,1,1
5/4/2023,-1.75644743,-0.05%,47.14216995,-90.40879822,0.01818905,0.02936076,2,2
5/3/2023,-0.96540242,0.01%,49.30921555,-69.19436646,0.0047285,0.01906137,1,2
5/2/2023,-0.0732043,0.07%,49.93640137,-48.42024612,-0.00383636,0.01015908,1,1
5/1/2023,1.40727246,0.17%,57.83132553,-14.61299801,-0.01373932,-0.00212172,0,1
4/28/2023,1.68007374,0.19%,63.46525192,-0.62843287,-0.00983379,-0.00259904,1,1
4/27/2023,0.66809648,0.13%,62.52474976,-28.42792702,0.00194113,0.00618141,1,1
4/26/2023,-1.46071434,-0.03%,60.36649323,-95.79532623,0.02116143,0.02554541,2,2
4/25/2023,-0.66625607,0.01%,62.02259445,-95.86951447,0.00959567,0.01856045,1,2
4/24/2023,0.70666784,0.15%,74.42591858,-30.76101494,-0.00950498,0.00072644,1,1
4/21/2023,0.68224841,0.15%,74.75939178,-36.19578934,-0.00502426,0.00197885,1,1
4/20/2023,0.71696401,0.15%,75.25114441,-34.56681061,-0.00276996,0.00237295,1,1
4/19/2023,1.11521578,0.21%,67.17391205,-10.92062092,-0.00748643,-0.00351518,1,1
4/18/2023,1.23992217,0.22%,70.96075439,-8.82920361,-0.00504323,-0.00323282,1,1
4/17/2023,1.3275274,0.23%,72.91104889,-5.34345102,-0.00268084,-0.00224316,1,1
4/14/2023,1.25375068,0.22%,66.02414703,-11.90838242,0.00161044,0.00136742,1,1
4/13/2023,1.51619542,0.24%,70.96099091,-1.78184497,-0.00098249,-0.00081928,1,1
4/12/2023,0.92827922,0.15%,64.97695923,-17.75115967,0.01229967,0.01221233,2,1
4/11/2023,1.24610639,0.19%,70.56548309,-9.62277985,0.00418212,0.00702016,1,1
4/10/2023,1.33073735,0.20%,69.76659393,-9.86464787,0.00292133,0.00648531,1,1
4/6/2023,1.39976394,0.20%,63.51736832,-11.84711075,0.00304026,0.00696465,1,1
4/5/2023,1.36999834,0.18%,56.14305496,-18.76211929,0.00585284,0.01014373,1,1
4/4/2023,1.64209652,0.21%,57.32217407,-12.68688965,0.00146851,0.00673144,1,1
4/3/2023,2.20243907,0.26%,54.27732849,-1.38069439,-0.00466809,0.00041456,1,1
3/31/2023,2.20971274,0.24%,53.56876755,-1.13536179,0.00083755,0.00433855,1,1
3/30/2023,1.44098496,0.13%,53.98700714,-2.71637344,0.01453261,0.01794657,2,2
3/29/2023,1.120314,0.08%,54.33094025,-11.78937435,0.0157133,0.02230137,2,2
3/28/2023,0.10686693,-0.04%,49.54185104,-35.88077927,0.02484654,0.03468643,2,2
3/27/2023,0.23866385,-0.03%,48.97896576,-32.89841843,0.01477769,0.02957037,2,2
3/24/2023,0.09411399,-0.04%,49.49080658,-37.64128113,0.01151837,0.02844859,2,2
3/23/2023,-0.11061978,-0.07%,45.98168945,-47.81195831,0.01023526,0.02834157,1,2
3/22/2023,-0.34489337,-0.09%,46.74021912,-51.29662704,0.00921685,0.0280805,1,2
3/21/2023,0.87648064,0.04%,50.84957123,-26.58022499,-0.01053879,0.00840346,1,1
3/20/2023,-0.09956143,-0.07%,41.70283127,-45.82658386,0.00596293,0.02078336,1,2
3/17/2023,-0.8036415,-0.15%,38.14097595,-58.99514389,0.01304189,0.02800465,2,2
3/16/2023,-0.18488885,-0.07%,37.38232422,-42.86880112,-0.0023388,0.01412212,1,1
3/15/2023,-1.19326282,-0.22%,32.40452194,-67.66619873,0.01552151,0.03010322,2,2
3/14/2023,-0.9709152,-0.18%,33.54827881,-58.67105103,0.00411658,0.02090082,1,2
3/13/2023,-1.85260701,-0.32%,31.75322342,-82.49604034,0.0193964,0.03583079,2,2
3/10/2023,-2.07690549,-0.31%,33.15999222,-92.77005005,0.01121744,0.03067192,2,2
3/9/2023,-1.65317857,-0.21%,34.30774307,-93.65390778,-0.00696866,0.01301304,1,1
3/8/2023,-0.71723616,-0.07%,35.9383812,-68.14819336,-0.02286653,-0.00674762,0,1
3/7/2023,-0.88547057,-0.08%,40.71627426,-72.74993896,-0.01371062,-0.00455693,0,1
3/6/2023,-0.03995458,0.04%,43.40251923,-46.38581085,-0.02446723,-0.01952726,0,0
3/3/2023,-0.16627966,0.03%,39.87847137,-48.54000854,-0.01511922,-0.01647701,0,1
3/2/2023,-1.10111237,-0.10%,39.47920227,-76.25663757,0.0056025,0.00069785,1,1
3/1/2023,-1.63158882,-0.16%,40.9044342,-93.34008026,0.01123307,0.00810628,2,1
2/28/2023,-1.63545597,-0.14%,46.72000122,-87.91278076,0.00380856,0.00365468,1,1
2/27/2023,-1.51455963,-0.11%,44.3903923,-82.11236572,-0.0012464,-0.00048164,1,1
2/24/2023,-1.91680562,-0.14%,44.22079849,-88.10655975,0.00262557,0.00302213,1,1
2/23/2023,-1.39519572,-0.05%,50.221138,-78.81485748,-0.0089699,-0.00799668,1,1
2/22/2023,-1.76019835,-0.09%,48.88819504,-92.38636017,-0.00098705,-0.00224856,1,1
2/21/2023,-1.72416747,-0.07%,48.94184113,-98.27106476,-0.00191137,-0.00328595,1,1
2/17/2023,-0.19353829,0.09%,58.64451599,-63.37059402,-0.02110363,-0.02276871,0,0
2/16/2023,0.11053634,0.13%,63.59391403,-55.70991516,-0.01661804,-0.0231324,0,0
2/15/2023,1.02699161,0.25%,66.2898407,-23.74615288,-0.02482807,-0.03454175,0,0
2/14/2023,0.92324764,0.24%,59.90345383,-30.95241928,-0.01325848,-0.02800761,0,0
2/13/2023,1.04015326,0.26%,59.53765869,-22.2417469,-0.00920465,-0.02569999,1,0
2/10/2023,0.52972394,0.18%,57.75011444,-41.2747879,0.00533872,-0.01197481,1,1
2/9/2023,0.46647871,0.17%,58.03679276,-45.27480698,0.0060002,-0.00842825,1,1
2/8/2023,0.98018926,0.26%,63.64710999,-25.68110275,-0.00459406,-0.0161202,1,1
2/7/2023,1.6372205,0.37%,69.07466125,-10.11909962,-0.01398531,-0.02538132,0,0
2/6/2023,1.15785158,0.28%,66.33566284,-27.13585663,0.00345898,-0.01035754,1,1
2/3/2023,1.56074846,0.34%,72.47283173,-19.46778107,-0.00348794,-0.01509767,1,1
2/2/2023,2.15348482,0.45%,72.73270416,-5.14706373,-0.012981,-0.02419458,0,0
2/1/2023,1.80489051,0.35%,71.50218964,-10.81861401,0.00555206,-0.00787413,1,1
1/31/2023,1.45574796,0.28%,68.02610016,-8.52826691,0.01469419,0.00375006,2,1
1/30/2023,0.90205312,0.18%,63.93758774,-34.1451149,0.02413912,0.01764491,2,2
1/27/2023,1.62159491,0.29%,72.81271362,-10.98405552,0.00339402,0.00326716,1,1
1/26/2023,1.63379133,0.28%,67.27655792,-1.0720408,0.00511996,0.00581525,1,1
1/25/2023,1.31376719,0.20%,63.51511002,-9.66269302,0.01413268,0.01600051,2,1
1/24/2023,1.45148551,0.21%,64.60858154,-10.25524044,0.00977857,0.01483532,1,1
1/23/2023,1.69016743,0.23%,60.08224487,-8.15425491,0.00545282,0.01234882,1,1
1/20/2023,1.23457408,0.14%,60.56274414,-19.53244019,0.01585954,0.02348889,2,2
1/19/2023,0.2966845,-0.01%,55.18597412,-51.53427887,0.02916375,0.04003887,2,2
1/18/2023,0.76519626,0.05%,54.77313614,-36.61772537,0.01210263,0.02876509,2,2
1/17/2023,1.80525887,0.19%,56.30224228,-9.39499092,-0.00830673,0.00935869,1,1
1/13/2023,2.13694143,0.21%,49.31908035,-2.40038204,-0.00705835,0.00692534,1,1
1/12/2023,1.83778429,0.18%,46.68595886,-6.14395475,-0.00083152,0.0101827,1,1
1/11/2023,1.42843497,0.16%,47.70759583,-0.31297609,0.00318563,0.01298913,1,1
1/10/2023,0.63289869,0.05%,48.13459015,-16.44631004,0.0149131,0.02466432,2,2
1/9/2023,0.21542931,-0.01%,44.48348618,-31.05244255,0.01714121,0.02960269,2,2
1/6/2023,0.18633361,-0.01%,46.78600311,-8.10214329,0.01068991,0.02603463,2,2
1/5/2023,-0.98081231,-0.20%,39.94887924,-77.14281464,0.03003286,0.04683512,2,2
1/4/2023,-0.53151238,-0.12%,39.09077454,-71.29298401,0.00888165,0.03099012,1,2
1/3/2023,-0.95004326,-0.19%,33.3518219,-82.80062866,0.01316397,0.0354407,2,2
12/30/2022,-0.84548301,-0.16%,33.73071671,-78.69102478,0.00489988,0.02809972,1,2
12/29/2022,-0.80753571,-0.15%,34.24268341,-75.73820496,0.0005043,0.02260038,1,2
12/28/2022,-1.56008041,-0.30%,38.63696671,-94.42917633,0.01807917,0.03854756,2,2
12/27/2022,-1.27006638,-0.21%,40.60758209,-81.33940887,-0.00036424,0.02217926,1,2
12/23/2022,-1.2394681,-0.19%,38.23645401,-77.07763672,-0.00422071,0.01600847,1,1
12/22/2022,-1.62735724,-0.24%,36.58634949,-83.04412079,0.00277189,0.02016642,1,2
12/21/2022,-1.19616508,-0.14%,41.17318344,-74.34957123,-0.01223835,0.00392892,0,1
12/20/2022,-2.05307293,-0.26%,40.84269714,-91.79445648,0.00667599,0.01856491,1,2
12/19/2022,-2.25861692,-0.24%,40.76254654,-94.41661835,0.00118656,0.01349259,1,1
12/16/2022,-2.21455503,-0.17%,43.89755249,-91.85048676,-0.00783495,0.00348301,1,1
12/15/2022,-1.72610426,-0.08%,46.0177002,-91.94398499,-0.01708414,-0.00880929,0,1
12/14/2022,0.15633743,0.13%,50.77788925,-58.11119843,-0.03570346,-0.03236852,0,0
12/13/2022,0.68141454,0.19%,55.04167175,-45.19109726,-0.02969567,-0.03514594,0,0
12/12/2022,0.12777321,0.14%,50.42331314,-60.45695877,-0.01255286,-0.02464312,0,0
12/9/2022,-1.0568893,0.03%,49.02059174,-90.68544006,0.00578499,-0.00834121,1,1
12/8/2022,-0.46271494,0.10%,63.38120651,-75.10253143,-0.00347563,-0.01479574,1,1
12/7/2022,-0.58055586,0.04%,56.41441345,-84.97837067,0.00555213,-0.00560465,1,1
12/6/2022,-0.35841891,0.07%,57.91672134,-81.1822052,0.00176085,-0.00699452,1,1
12/5/2022,0.41819891,0.20%,63.5482254,-52.38613129,-0.01329826,-0.02069213,0,0
12/2/2022,1.24051404,0.37%,71.33118439,-16.26897812,-0.02651521,-0.0361954,0,0
12/1/2022,1.35480821,0.40%,68.57072449,-13.34051609,-0.01909306,-0.03414285,0,0
11/30/2022,1.47923315,0.42%,61.66944885,-0.49557057,-0.01259691,-0.03076183,0,0
11/29/2022,0.48939088,0.19%,55.21847534,-26.11106682,0.02211627,0.002084,2,1
11/28/2022,0.60360175,0.22%,54.01147842,-23.74064064,0.0129598,0.00012363,2,1
11/25/2022,1.27424419,0.37%,62.21641541,-2.07406497,-0.00731625,-0.01570924,1,1
11/23/2022,1.42676723,0.39%,60.88573837,-1.71274459,-0.00498503,-0.01431985,1,1
11/22/2022,1.34272003,0.36%,57.98309708,-7.13353443,0.00291362,-0.00677937,1,1
11/21/2022,0.90711355,0.26%,58.38302612,-22.79507065,0.01528476,0.00710103,2,1
11/18/2022,1.15949547,0.31%,61.14748764,-18.64461899,0.00663739,0.00288556,1,1
11/17/2022,1.08414447,0.29%,63.7502594,-23.83260918,0.00885956,0.00703738,1,1
11/16/2022,1.27789748,0.33%,62.62841797,-20.42797852,0.00300021,0.00345977,1,1
11/15/2022,1.71939862,0.41%,62.89712906,-11.41371441,-0.00560611,-0.00448464,1,1
11/14/2022,1.61420345,0.36%,63.26117706,-15.81863976,0.0044911,0.00416838,1,1
11/11/2022,2.16769195,0.45%,67.98695374,-3.05826998,-0.00505919,-0.00428825,1,1
11/10/2022,1.96841598,0.38%,62.21278763,-1.32727957,0.00616225,0.00565042,1,1
11/9/2022,-0.17836647,-0.05%,58.26964188,-60.45477676,0.059063,0.06012193,2,2
11/8/2022,0.77714074,0.12%,62.16568756,-31.34388924,0.01814609,0.03285989,2,2
11/7/2022,0.64513004,0.08%,59.91762543,-39.05803299,0.01760521,0.03533406,2,2
11/4/2022,0.36785835,0.00%,56.83036041,-52.53755569,0.02144996,0.04187614,2,2
11/3/2022,-0.09651545,-0.11%,48.89143372,-72.79747772,0.02915001,0.05308334,2,2
11/2/2022,0.27706882,-0.03%,48.90161514,-46.3890686,0.00857318,0.03686302,1,2
11/1/2022,1.20624304,0.19%,53.60036469,-13.47394943,-0.01994514,0.00698642,0,1
10/31/2022,1.43351889,0.23%,59.31764221,-7.95066261,-0.01727191,0.00226674,0,1
10/28/2022,1.89410853,0.29%,64.16049957,-1.57440531,-0.01823581,-0.0047625,0,1
10/27/2022,1.20069671,0.11%,57.95602798,-19.11845398,0.0108962,0.01892769,2,2
10/26/2022,1.57041061,0.15%,55.07011414,-13.93946457,0.00187086,0.01167888,1,1
10/25/2022,2.10865092,0.22%,58.5570488,-0.81966847,-0.0062249,0.00302493,1,1
10/24/2022,1.69592845,0.08%,55.72779465,-3.88288164,0.01204272,0.01904154,2,2
10/21/2022,1.24595821,-0.03%,52.09992981,-16.47555542,0.02031019,0.02962182,2,2
10/20/2022,-0.07317741,-0.24%,45.19831085,-44.52561569,0.03789554,0.05147464,2,2
10/19/2022,0.30804557,-0.19%,45.12562943,-34.86278152,0.01684632,0.03797979,2,2
10/18/2022,0.5667544,-0.15%,43.43199921,-26.65974426,0.00423167,0.02720331,1,2
10/17/2022,-0.11666916,-0.26%,39.56500626,-40.4588356,0.01463485,0.03668285,2,2
10/14/2022,-1.15547657,-0.49%,36.09322357,-69.48212433,0.03541133,0.05943938,2,2
10/13/2022,-0.4402566,-0.33%,37.93510818,-43.16998672,0.00056094,0.03005277,1,2
10/12/2022,-1.36290026,-0.56%,30.18633461,-96.37444305,0.02657103,0.05408985,2,2
10/11/2022,-1.36699343,-0.57%,31.59316063,-91.69345093,0.01455552,0.04568306,2,2
10/10/2022,-1.29647851,-0.54%,27.21457672,-91.27645111,0.00305036,0.03447063,1,2
10/7/2022,-1.10344672,-0.51%,30.71564674,-83.29059601,-0.0054516,0.02348475,1,2
10/6/2022,-0.46564612,-0.31%,37.55081558,-52.40538788,-0.03161147,-0.00742752,0,1
10/5/2022,-0.27624476,-0.24%,40.4257431,-40.69918442,-0.03138302,-0.01717982,0,0
10/4/2022,-0.29379204,-0.25%,44.29479218,-46.75036621,-0.02261402,-0.01724486,0,0
10/3/2022,-1.04361236,-0.52%,37.82802963,-75.42298889,0.01482421,0.01428175,2,1
9/30/2022,-1.76841736,-0.76%,30.35499763,-99.57559204,0.03658341,0.03970256,2,2
9/29/2022,-1.66461945,-0.67%,33.00605011,-94.06001282,0.00877933,0.02013633,1,2
9/28/2022,-1.32830429,-0.53%,34.67674255,-83.71115875,-0.01512198,-0.00301444,0,1
9/27/2022,-1.92700326,-0.68%,28.94289207,-94.91519165,0.00494215,0.01240753,1,1
9/26/2022,-2.17609143,-0.69%,28.42142868,-97.07645416,0.00046083,0.00836968,1,1
9/23/2022,-2.27869129,-0.64%,25.41071129,-89.99998474,-0.00938277,-0.00218769,1,1
9/22/2022,-1.9064343,-0.53%,31.38764191,-97.93149567,-0.02277116,-0.01856628,0,0
9/21/2022,-1.84515333,-0.48%,33.25340652,-100,-0.02349349,-0.02509695,0,0
9/20/2022,-1.40260947,-0.36%,35.30841064,-89.80509949,-0.03298639,-0.03990684,0,0
9/19/2022,-1.09301662,-0.28%,33.6940918,-77.1495285,-0.03300944,-0.0469658,0,0
9/16/2022,-1.44804561,-0.36%,29.79088593,-87.72276306,-0.01450365,-0.0351474,0,0
9/15/2022,-1.24205589,-0.31%,31.63465691,-94.21688843,-0.01745531,-0.03941235,0,0
9/14/2022,-0.96405798,-0.23%,32.10765457,-80.27534485,-0.02267231,-0.04642593,0,0
9/13/2022,-1.15836108,-0.27%,31.60772133,-84.9225235,-0.01143559,-0.03842572,0,0
9/12/2022,0.11668296,0.08%,40.1042366,-28.19279099,-0.05090526,-0.07686386,0,0
9/9/2022,-0.27738559,-0.01%,42.04060364,-42.34076691,-0.02331347,-0.05931164,0,0
9/8/2022,-0.7746343,-0.14%,37.44591904,-67.39321899,-0.00035029,-0.03905911,1,0
9/7/2022,-1.04344118,-0.20%,41.92795944,-76.55323029,0.00630078,-0.02903436,1,0
9/6/2022,-1.65882468,-0.35%,35.8803978,-94.08193207,0.02220261,-0.00881338,2,1
9/2/2022,-1.7846086,-0.34%,36.31777954,-94.94528198,0.01139521,-0.01130404,2,1
9/1/2022,-1.68490851,-0.26%,37.92800903,-84.99224091,-0.0029696,-0.02060683,1,0
8/31/2022,-2.04323435,-0.29%,36.7298584,-99.88156128,0.00109833,-0.01561781,1,1
8/30/2022,-2.08387494,-0.23%,43.48936081,-93.88497925,-0.0071417,-0.0218874,1,0
8/29/2022,-1.82382774,-0.15%,44.48636246,-95.48207855,-0.01557286,-0.03045106,0,0
8/26/2022,-1.66751492,-0.09%,45.35503006,-100,-0.01691715,-0.03397287,0,0
8/25/2022,0.23594719,0.20%,60.36758804,-56.39211273,-0.04516421,-0.0639565,0,0
8/24/2022,-0.49770871,0.10%,59.77615738,-82.06391907,-0.01597655,-0.04413686,0,0
8/23/2022,-0.52428728,0.08%,64.71813202,-87.71498871,-0.00764934,-0.0370205,1,0
8/22/2022,-0.22608118,0.12%,61.5504303,-83.29241943,-0.00745629,-0.03578405,1,0
8/19/2022,0.6823706,0.31%,69.77890778,-38.2302475,-0.025942,-0.05276966,0,0
8/18/2022,1.26479518,0.45%,72.17834473,-14.55983639,-0.03085353,-0.06088281,0,0
8/17/2022,1.28998995,0.45%,73.26059723,-19.81713486,-0.01754843,-0.05217018,0,0
8/16/2022,1.67633879,0.54%,77.39060974,-5.98513699,-0.01845383,-0.05371359,0,0
8/15/2022,1.81794083,0.55%,80.17854309,-1.25999868,-0.01057438,-0.04693329,1,0
8/12/2022,1.80349612,0.54%,76.50123596,-0.14586464,-0.00280132,-0.03836669,1,0
8/11/2022,1.39451492,0.43%,76.48834229,-14.25465488,0.01522218,-0.01818518,2,0
8/10/2022,1.48262656,0.45%,75.53508759,-0.61199939,0.0101482,-0.0164533,1,1
8/9/2022,0.92742801,0.30%,70.84259033,-22.66296577,0.02785179,0.00574644,2,1
8/8/2022,1.14622796,0.35%,69.04315186,-16.77136803,0.01454348,0.00122761,2,1
8/5/2022,1.29976797,0.38%,65.54322815,-7.61218929,0.0087922,0.00021479,1,1
8/4/2022,1.52443111,0.42%,66.06822205,-4.13305569,0.00377466,-0.00188084,1,1
8/3/2022,1.76180804,0.45%,68.59471893,-3.18884897,0.00172727,-0.00248771,1,1
8/2/2022,1.44249463,0.34%,66.61164093,-12.32036877,0.01678745,0.01333195,2,1
8/1/2022,1.88210034,0.41%,69.19712067,-6.05753231,0.00465823,0.00552337,1,1
7/29/2022,2.3366313,0.46%,71.76968384,-2.25328875,0.00008663,0.00197268,1,1
7/28/2022,2.15316057,0.35%,66.77529144,-1.79548407,0.01471094,0.01646318,2,1
7/27/2022,1.92434931,0.26%,63.21821976,-5.7034936,0.02257164,0.02772385,2,2
7/26/2022,0.72968775,0.05%,50.45787811,-32.06417847,0.04163541,0.05193408,2,2
7/25/2022,1.45797741,0.15%,52.88753891,-15.78950977,0.01543315,0.0344336,2,2
7/22/2022,1.48410058,0.15%,59.66858292,-17.13323975,0.01128987,0.03217615,2,2
7/21/2022,2.27773714,0.23%,64.38412476,-0.11732018,-0.00165305,0.01973556,1,2
7/20/2022,2.01028037,0.15%,61.85874557,-5.69200802,0.00899924,0.02814908,1,2
7/19/2022,1.86101615,0.10%,64.84149933,-2.39526343,0.01244378,0.03203728,2,2
7/18/2022,0.03855469,-0.13%,60.34864807,-53.94857788,0.03566593,0.05691784,2,2
7/15/2022,0.63795215,-0.07%,53.60188675,-40.49576187,0.0153039,0.04279429,2,2
7/14/2022,-0.41502482,-0.23%,52.57510757,-70.66108704,0.02930519,0.05836057,2,2
7/13/2022,-0.22251637,-0.22%,52.61745071,-71.00107574,0.01684428,0.05002203,2,2
7/12/2022,0.07595947,-0.19%,45.2238121,-60.56607437,0.00652002,0.04039001,1,2
7/11/2022,0.51048398,-0.13%,41.59151077,-45.18865585,-0.00492212,0.02697754,1,2
7/8/2022,0.8452841,-0.05%,39.55600357,-19.37733078,-0.01455162,0.01282485,0,1
7/7/2022,0.58564222,-0.05%,38.03240585,-18.64283752,-0.01028267,0.01100921,1,1
7/6/2022,-0.05589074,-0.18%,37.13582611,-36.72613144,0.00771801,0.02478059,1,2
7/5/2022,-0.24595092,-0.23%,36.98697662,-41.16820908,0.00878156,0.02611918,1,2
7/1/2022,-0.36678177,-0.26%,34.47405243,-43.33678055,0.00763402,0.02544261,1,2
6/30/2022,-0.67628968,-0.36%,36.60213089,-57.07976532,0.01540458,0.03351868,2,2
6/29/2022,-0.57928646,-0.32%,36.46358871,-65.1583252,0.0022948,0.02219328,1,2
6/28/2022,-0.57605255,-0.31%,36.18315125,-65.28443909,-0.00206624,0.01641686,1,1
6/27/2022,-0.1882758,-0.15%,43.91147232,-49.53482437,-0.02295649,-0.00707637,0,1
6/24/2022,-0.14767818,-0.14%,47.8209877,-47.12641907,-0.01899685,-0.01012836,0,1
6/23/2022,-0.80529284,-0.41%,44.14640808,-69.43757629,0.0180756,0.02168547,2,2
6/22/2022,-1.07769775,-0.52%,41.2600708,-77.25250244,0.02268344,0.03033271,2,2
6/21/2022,-1.12876236,-0.53%,44.94121552,-75.77773285,0.01298192,0.02527745,2,2
6/17/2022,-1.73346615,-0.75%,40.77902985,-92.50500488,0.03336728,0.0479311,2,2
6/16/2022,-2.01304531,-0.80%,39.41021347,-94.91559601,0.02491376,0.0460901,2,2
6/15/2022,-1.46055663,-0.56%,38.22386932,-81.58446503,-0.0167896,0.00747735,0,1
6/14/2022,-2.06004429,-0.69%,39.52644348,-92.98123932,0.00296562,0.02118105,1,2
6/13/2022,-2.38682199,-0.69%,39.36994171,-96.55851746,-0.00052451,0.01661932,1,1
6/10/2022,-1.44472873,-0.41%,48.92676544,-90.83459473,-0.03888258,-0.02408939,0,0
6/9/2022,-0.22480407,-0.18%,54.07156372,-43.08414459,-0.05450284,-0.05049727,0,0
6/8/2022,0.83083314,0.01%,55.72676086,-16.92172813,-0.05899982,-0.06813256,0,0
6/7/2022,1.38658965,0.10%,58.64414215,-4.62029934,-0.04984047,-0.071907,0,0
6/6/2022,1.11209977,0.01%,50.18029404,-15.50909996,-0.02377552,-0.05591852,0,0
6/3/2022,0.99264067,-0.01%,48.53322983,-18.54029274,-0.01316466,-0.04800219,0,0
6/2/2022,1.68733585,0.12%,45.21100235,-0.26485106,-0.02482103,-0.05891402,0,0
6/1/2022,0.68155426,-0.04%,47.31627274,-19.19010735,0.0021291,-0.03532477,1,0
5/31/2022,0.94733989,0.02%,49.3888588,-9.57997513,-0.00696799,-0.04006833,1,0
5/27/2022,1.14431059,0.05%,51.35017395,-0.18690842,-0.01017219,-0.04160361,1,0
5/26/2022,0.23417659,-0.17%,41.37614441,-12.01553345,0.01812502,-0.01350884,2,1
5/25/2022,-0.53661191,-0.35%,42.50306702,-51.01520538,0.03220293,0.00741425,2,1
5/24/2022,-0.87162828,-0.44%,41.53219223,-69.37117767,0.02998604,0.01510255,2,1
5/23/2022,-0.73140448,-0.41%,38.75048447,-66.68144226,0.01263725,0.00635639,2,1
5/20/2022,-1.37113571,-0.59%,36.45732498,-81.71356201,0.02755001,0.02482557,2,2
5/19/2022,-1.52852643,-0.62%,33.44929504,-90.44242859,0.01862284,0.02271845,2,2
5/18/2022,-1.44620061,-0.60%,32.56937027,-84.55143738,0.00564414,0.01372917,1,1
5/17/2022,-0.42251354,-0.31%,36.38486099,-48.22776413,-0.03599184,-0.0276758,0,0
5/16/2022,-0.99705327,-0.49%,35.90492249,-66.21851349,-0.00446589,-0.0055324,1,1
5/13/2022,-1.01055312,-0.49%,36.33010864,-62.9919014,-0.00654222,-0.0085632,1,1
5/12/2022,-1.67980015,-0.70%,30.23805428,-83.79368591,0.01913192,0.01566579,2,1
5/11/2022,-1.88072813,-0.73%,32.89334106,-98.41383362,0.01196891,0.01338711,2,1
5/10/2022,-1.76182389,-0.63%,34.125103,-92.25922394,-0.0082599,-0.00419356,1,1
5/9/2022,-2.11064482,-0.67%,31.67322731,-97.15332794,-0.00295177,-0.00123498,1,1
5/6/2022,-1.4258101,-0.44%,34.80448532,-86.04590607,-0.03417104,-0.033348,0,0
5/5/2022,-1.37066305,-0.41%,36.73541641,-80.2660141,-0.02891902,-0.03626396,0,0
5/4/2022,-0.30685419,-0.14%,40.16647339,-46.77144623,-0.05372423,-0.06677991,0,0
5/3/2022,-1.35349214,-0.40%,30.84623337,-74.84879303,-0.00656795,-0.03191804,1,0
5/2/2022,-1.61445665,-0.45%,32.16238022,-78.83917999,-0.00006786,-0.02467348,1,0
4/29/2022,-2.03009748,-0.52%,31.30702209,-98.03807831,0.00623909,-0.01617936,1,1
4/28/2022,-1.05111015,-0.24%,34.08862686,-64.42538452,-0.03272334,-0.05083066,0,0
4/27/2022,-2.02863479,-0.45%,25.3328495,-93.81097412,0.0026944,-0.02208536,1,0
4/26/2022,-2.4316361,-0.49%,29.0348568,-99.68610382,0.00438891,-0.01744575,1,0
4/25/2022,-1.79447901,-0.27%,35.79067993,-75.43275452,-0.02575096,-0.04392612,0,0
4/22/2022,-2.35840106,-0.32%,35.75796127,-98.11575317,-0.01179717,-0.03449593,0,0
4/21/2022,-1.35923851,-0.11%,45.3739624,-89.15608215,-0.03494437,-0.05765296,0,0
4/20/2022,-0.53337699,0.01%,45.83099747,-61.04576111,-0.03777787,-0.06621602,0,0
4/19/2022,-0.53389841,0.01%,49.41393661,-63.59786224,-0.02592408,-0.06062213,0,0
4/18/2022,-1.5542984,-0.11%,44.7497139,-91.14499664,-0.00158725,-0.03975314,1,0
4/14/2022,-1.73175609,-0.12%,48.0454483,-95.07497406,-0.00088442,-0.0357995,1,0
4/13/2022,-0.96262032,-0.02%,54.71034241,-73.87578583,-0.01273062,-0.0441447,0,0
4/12/2022,-1.55078101,-0.11%,57.15200424,-93.36180878,0.00270974,-0.02909884,1,0
4/11/2022,-1.01744723,-0.08%,62.38532257,-97.73929596,-0.00185982,-0.02989094,1,0
4/8/2022,0.05203328,0.07%,65.71676636,-77.22489929,-0.01854399,-0.04390125,0,0
4/7/2022,0.24666625,0.10%,62.62101746,-66.64842224,-0.01475679,-0.04204802,0,0
4/6/2022,0.14839183,0.06%,60.40530777,-66.38735199,-0.00484428,-0.03319226,1,0
4/5/2022,0.54955924,0.16%,67.68090057,-38.07718658,-0.01332562,-0.03985566,0,0
4/4/2022,1.00684404,0.27%,69.4324646,-14.25224781,-0.02113551,-0.04797557,0,0
4/1/2022,0.85106891,0.22%,59.85461807,-20.95284271,-0.00573068,-0.03529539,1,0
3/31/2022,0.84904152,0.21%,57.41437149,-22.48643112,-0.0010611,-0.0292525,1,0
3/30/2022,1.40285313,0.35%,60.14053345,-7.22864914,-0.01606464,-0.04142807,0,0
3/29/2022,1.7695365,0.42%,64.68797302,-1.01246214,-0.01686531,-0.0434714,0,0
3/28/2022,1.60344231,0.33%,58.87982559,-0.1630369,0.00126368,-0.02717938,1,0
3/25/2022,1.5448817,0.28%,57.05779648,-0.69121671,0.00774533,-0.01786341,1,0
3/24/2022,1.51198184,0.25%,59.74400711,-4.42739391,0.01026193,-0.0111718,1,1
3/23/2022,1.21944094,0.17%,60.23007965,-18.27038765,0.01837732,0.00123422,2,1
3/22/2022,1.93166733,0.28%,59.23328781,-2.50878453,-0.00078397,-0.01177544,1,1
3/21/2022,1.71150815,0.19%,54.98310852,-6.11091757,0.0110836,0.00083466,2,1
3/18/2022,1.92231703,0.19%,53.67977142,-1.36167717,0.00743827,0.00080391,1,1
3/17/2022,1.51143873,0.09%,47.71524429,-0.62706524,0.01606425,0.01178595,2,1
3/16/2022,0.72310752,-0.01%,45.59889984,-21.04602623,0.02307493,0.0230283,2,2
3/15/2022,-0.47075334,-0.21%,44.43611145,-49.17975998,0.03808843,0.0436623,2,2
3/14/2022,-1.55191803,-0.40%,39.15444946,-79.17263031,0.04788808,0.06230938,2,2
3/11/2022,-1.40276611,-0.36%,37.13333511,-69.11554718,0.02438949,0.04866083,2,2
3/10/2022,-0.90718436,-0.27%,36.30353928,-51.31958008,0.00329485,0.03070762,1,2
3/9/2022,-0.76603651,-0.25%,40.33831406,-49.47510529,-0.0022672,0.02320531,1,2
3/8/2022,-1.89638877,-0.48%,36.42952347,-84.87929535,0.02510092,0.04820768,2,2
3/7/2022,-1.89799571,-0.44%,36.97608948,-76.4176178,0.00906114,0.03574093,1,2
3/4/2022,-0.79773366,-0.21%,42.91519547,-42.30884552,-0.02365885,0.00186112,0,1
3/3/2022,-0.4867073,-0.16%,40.11395645,-38.77989578,-0.02373324,-0.00641803,0,1
3/2/2022,-0.33464387,-0.13%,43.23953247,-42.03230286,-0.0207602,-0.01079499,0,1
3/1/2022,-1.1911515,-0.29%,40.58298111,-58.8655777,0.00426963,0.00841761,1,1
2/28/2022,-0.65136564,-0.19%,47.52124786,-44.98503876,-0.01219521,-0.00749736,0,1
2/25/2022,-0.57222503,-0.18%,52.7103653,-42.65621948,-0.01061992,-0.00927633,1,1
2/24/2022,-1.46841681,-0.37%,47.62800598,-62.48561096,0.01460566,0.01326404,2,1
2/23/2022,-2.22613788,-0.51%,43.9265976,-98.71605682,0.02525512,0.02755363,2,2
2/22/2022,-1.68252444,-0.38%,44.9578476,-88.47704315,-0.00147005,0.0064771,1,1
2/18/2022,-1.27302015,-0.31%,48.13228226,-90.52932739,-0.01191383,-0.00514843,0,1
2/17/2022,-0.96417296,-0.27%,45.38955688,-92.26363373,-0.01428709,-0.01102353,0,1
2/16/2022,0.22708358,-0.11%,47.43395615,-37.98419952,-0.03058433,-0.0310236,0,0
2/15/2022,0.11805204,-0.13%,44.99376678,-39.7416954,-0.01921906,-0.02690777,0,0
2/14/2022,-0.83686811,-0.26%,37.86617279,-62.98419952,0.00303632,-0.00868136,1,1
2/11/2022,-0.7361899,-0.25%,38.47034454,-57.08260345,-0.00124221,-0.01108879,1,1
2/10/2022,0.12882264,-0.09%,39.40104294,-23.29644966,-0.02075445,-0.02977552,0,0
2/9/2022,0.75578767,0.05%,43.61108017,-1.77631164,-0.03116453,-0.0440379,0,0
2/8/2022,0.08281755,-0.08%,42.0725975,-20.79636002,-0.00641255,-0.02575954,1,0
2/7/2022,-0.2794733,-0.15%,39.45298386,-31.87675285,0.0037894,-0.01539602,1,1
2/4/2022,-0.22727481,-0.14%,39.39101028,-32.66915894,-0.00077895,-0.01718055,1,0
2/3/2022,-0.4522132,-0.19%,37.67350388,-41.70347214,0.00417883,-0.01091674,1,1
2/2/2022,0.26849115,-0.01%,38.31355286,-29.99167633,-0.02052085,-0.03288948,0,0
2/1/2022,-0.11860639,-0.10%,35.01180267,-38.6929245,-0.00427663,-0.02050645,1,0
1/31/2022,-0.3836638,-0.16%,34.99475098,-44.29460907,0.00365704,-0.01214801,1,1
1/28/2022,-0.95927411,-0.33%,27.49607277,-59.70952606,0.02077145,0.00709668,2,1
1/27/2022,-1.72044599,-0.54%,15.48837948,-79.87549591,0.0386991,0.03109026,2,2
1/26/2022,-1.82692432,-0.52%,16.75549698,-75.68465424,0.02060035,0.02291842,2,2
1/25/2022,-2.05494237,-0.53%,16.91609383,-75.993927,0.01144961,0.01843605,2,2
1/24/2022,-2.03521585,-0.45%,26.72484779,-67.78759003,-0.00460191,0.00433541,1,1
1/21/2022,-2.61546135,-0.50%,27.87682343,-99.92227936,0.00109115,0.00811082,1,1
1/20/2022,-2.48313832,-0.35%,37.11375809,-98.48239899,-0.01893334,-0.01245248,0,1
1/19/2022,-2.42162132,-0.27%,46.22784805,-99.00733185,-0.02348666,-0.02214591,0,0
1/18/2022,-1.94271064,-0.20%,46.0878334,-89.92895508,-0.0259998,-0.03033286,0,0
1/14/2022,-0.81375247,-0.06%,48.5724411,-65.28610992,-0.03456092,-0.04449444,0,0
1/13/2022,-0.85911119,-0.06%,45.30496979,-65.8910675,-0.02274326,-0.03996479,0,0
1/12/2022,0.14491433,0.05%,55.73447037,-38.1107254,-0.02873839,-0.04944555,0,0
1/11/2022,-0.02347751,0.03%,52.21635437,-44.11354828,-0.0162285,-0.04188255,0,0
1/10/2022,-0.64975584,-0.04%,46.14892578,-60.85555649,-0.0021527,-0.02946451,1,0
1/7/2022,-0.60113937,-0.02%,49.87142944,-50.76122665,-0.00273982,-0.02793015,1,0
1/6/2022,-0.34157395,0.01%,48.80106735,-44.79172134,-0.00528476,-0.02864716,1,0
1/5/2022,-0.25475758,0.02%,50.12465286,-42.46793747,-0.00486526,-0.02723076,1,0
1/4/2022,1.22739422,0.19%,62.60043716,-8.77404022,-0.02233557,-0.04331956,0,0
1/3/2022,1.36477566,0.20%,65.29692841,-4.6134057,-0.01529408,-0.03958753,0,0
12/31/2021,1.01194227,0.16%,60.77534103,-15.75219631,-0.00411986,-0.02989836,1,0
12/30/2021,1.29508293,0.20%,64.81551361,-10.76474094,-0.00548018,-0.02971787,1,0
12/29/2021,1.54735518,0.23%,62.01951981,-4.93927145,-0.00646775,-0.02963618,1,0
12/28/2021,1.66405153,0.23%,56.20035172,-7.15776634,-0.00310832,-0.02563744,1,0
12/27/2021,1.95020282,0.24%,58.73598099,-0.0444483,-0.00282261,-0.02393037,1,0
12/23/2021,1.22331405,0.13%,50.56270981,-11.67553043,0.01235273,-0.00769877,2,1
12/22/2021,0.77208304,0.09%,49.75267792,-21.83385277,0.0144489,-0.00084552,2,1
12/21/2021,-0.00420881,0.01%,47.73847961,-41.35263824,0.01983116,0.00932848,2,1
12/20/2021,-1.08043027,-0.10%,43.6476593,-68.088974,0.02743671,0.02258887,2,2
12/17/2021,-0.37537059,-0.01%,45.59396362,-47.25362396,0.00727776,0.00940095,1,1
12/16/2021,0.34802765,0.07%,49.06490707,-27.05397987,-0.00557535,-0.00195941,1,1
12/15/2021,1.01521957,0.15%,50.84874725,-1.1381036,-0.01271851,-0.01079212,0,1
12/14/2021,-0.13777238,0.03%,47.5108223,-34.02671814,0.00701898,0.00571359,1,1
12/13/2021,0.34347355,0.09%,49.60674286,-19.56404686,-0.00215892,-0.00167215,1,1
12/10/2021,1.01082027,0.17%,54.57252121,-11.30740261,-0.01029791,-0.01037096,1,1
12/9/2021,0.3609024,0.10%,51.87744141,-29.37274551,0.00260828,0.00006629,1,1
12/8/2021,0.91706038,0.16%,51.47541046,-16.38687706,-0.00508334,-0.00675081,1,1
12/7/2021,0.72622156,0.14%,49.45103836,-21.7314949,-0.0005877,-0.00331422,1,1
12/6/2021,-0.8678757,-0.03%,42.49789047,-60.0264473,0.0201539,0.01749362,2,2
12/3/2021,-1.87402284,-0.12%,38.86596298,-82.02294922,0.02554342,0.02796372,2,2
12/2/2021,-1.44779968,-0.05%,43.80670166,-69.26307678,0.00803292,0.01623136,1,1
12/1/2021,-2.98586416,-0.17%,39.60198975,-98.74072266,0.02069379,0.03016651,2,2
11/30/2021,-2.78138185,-0.08%,45.76163101,-97.43746948,0.00213526,0.01547769,1,1
11/29/2021,-0.50350493,0.08%,56.38512039,-56.30604935,-0.01774992,-0.0054106,0,1
11/26/2021,-1.95287824,-0.01%,51.03020096,-91.4540329,0.000105,0.00712692,1,1
11/24/2021,0.94621444,0.18%,73.57238007,-36.60379791,-0.02169137,-0.01545186,0,1
11/23/2021,0.68714583,0.17%,68.32901764,-46.60377121,-0.01203412,-0.01155218,0,1
11/22/2021,0.63131684,0.17%,68.1640625,-46.92832184,-0.00673053,-0.00916307,1,1
11/19/2021,0.94701403,0.20%,72.77883148,-19.43894005,-0.00711978,-0.01091315,1,1
11/18/2021,1.17892051,0.23%,73.68421173,-7.83992624,-0.00661326,-0.01173092,1,1
11/17/2021,1.00156558,0.22%,73.28367615,-17.20671082,-0.00096198,-0.00718824,1,1
11/16/2021,1.28231931,0.25%,77.07472229,-9.63601112,-0.00305048,-0.00889869,1,1
11/15/2021,1.10383391,0.24%,78.15813446,-19.31536674,0.00177456,-0.0042659,1,1
11/12/2021,1.14526272,0.25%,78.8314743,-20.60723686,0.00164926,-0.00339587,1,1
11/11/2021,0.73830223,0.20%,78.8314743,-37.78971863,0.00854204,0.00433901,1,1
11/10/2021,0.78473318,0.22%,82.25885773,-35.99114609,0.00602493,0.00425563,1,1
11/9/2021,1.24061143,0.30%,90.2496109,-16.83282852,-0.00406745,-0.00423242,1,1
11/8/2021,1.46552742,0.34%,91.94702148,-8.44835663,-0.00620377,-0.0073176,1,1
11/5/2021,1.53376389,0.35%,85.13446045,-9.94189548,-0.00293359,-0.00542142,1,1
11/4/2021,1.55748057,0.34%,82.94475555,-0.54942828,0.00143897,-0.00152058,1,1
11/3/2021,1.53445089,0.32%,83.54523468,-2.03677869,0.00564495,0.0032989,1,1
11/2/2021,1.42073357,0.29%,83.22114563,-1.24190032,0.00981393,0.00903068,1,1
11/1/2021,1.38393271,0.27%,84.08983612,-1.93892395,0.01044462,0.01207881,1,1
10/29/2021,1.40780914,0.27%,74.87046814,-1.35871887,0.00908596,0.01305962,1,1
10/28/2021,1.49350798,0.27%,76.85424805,-0.48424181,0.00784778,0.01361651,1,1
10/27/2021,1.19371831,0.20%,67.42734528,-16.94920349,0.01505942,0.02221653,2,2
10/26/2021,1.54048145,0.25%,68.96070099,-9.60453987,0.00565376,0.01567123,1,1
10/25/2021,1.70453739,0.25%,59.02573776,-1.49545395,0.00472802,0.0151475,1,1
10/22/2021,1.62731481,0.22%,56.26647949,-5.65358257,0.00835333,0.01896083,1,2
10/21/2021,1.84395742,0.23%,57.20035172,-0.90973294,0.00455603,0.01613056,1,1
10/20/2021,1.91604888,0.22%,59.90821075,-0.94810754,0.00549679,0.01708209,1,2
10/19/2021,1.9700166,0.20%,61.33417511,0,0.00756408,0.01940067,1,2
10/18/2021,1.72397673,0.14%,58.89164352,-1.43589115,0.01286445,0.02547219,2,2
10/15/2021,1.72910857,0.11%,52.16400909,-1.80337024,0.01165172,0.0261659,2,2
10/14/2021,1.13541627,0.05%,46.73962021,-15.95681477,0.01562164,0.0316517,2,2
10/13/2021,-0.39085272,-0.09%,40.29653931,-55.53103256,0.02738772,0.04591653,2,2
10/12/2021,-0.71187288,-0.12%,42.3205452,-62.96289444,0.02152702,0.04488672,2,2
10/11/2021,-0.6418137,-0.11%,41.44326782,-58.60566711,0.01232037,0.03852825,2,2
10/8/2021,-0.18962489,-0.06%,44.29972458,-42.6471138,0.00087405,0.02732537,1,2
10/7/2021,-0.11320243,-0.05%,42.63385773,-38.50763321,-0.00130312,0.02279165,1,2
10/6/2021,-0.75739825,-0.13%,38.24555969,-58.28903961,0.00772782,0.02940246,1,2
10/5/2021,-1.11640012,-0.17%,36.22506714,-69.94555664,0.0096216,0.0311673,1,2
10/4/2021,-1.81523049,-0.26%,31.17211342,-88.9162674,0.01619239,0.03818848,2,2
10/1/2021,-1.27039337,-0.17%,33.88248444,-67.41918945,-0.00163997,0.02182443,1,2
9/30/2021,-2.14392161,-0.27%,29.38416481,-99.67339325,0.01086127,0.03194982,2,2
9/29/2021,-1.68525064,-0.18%,33.24736786,-80.08200836,-0.00551795,0.01587369,1,1
9/28/2021,-1.80466735,-0.17%,33.22594452,-77.70728302,-0.00537177,0.01263813,1,1
9/27/2021,-0.45535722,-0.01%,43.10173798,-37.90253448,-0.02349498,-0.00877942,0,1
9/24/2021,-0.27754968,0.01%,49.11173248,-32.96340179,-0.01845195,-0.01075369,0,1
9/23/2021,-0.42139408,-0.01%,45.67512894,-38.52956009,-0.01065824,-0.00808226,1,1
9/22/2021,-1.43773293,-0.11%,40.1336937,-61.91134644,0.00489081,0.00468129,1,1
9/21/2021,-2.43329716,-0.19%,34.96503448,-79.56103516,0.012941,0.0139254,2,1
9/20/2021,-3.00847816,-0.18%,41.11386108,-77.77783966,0.00764496,0.01161286,1,1
9/17/2021,-1.80378962,-0.05%,53.61299133,-97.09468079,-0.01132245,-0.00600069,0,1
9/16/2021,-0.35579839,0.03%,60.85398483,-63.61818314,-0.01727697,-0.0151788,0,1
9/15/2021,-0.02185813,0.05%,54.82915878,-56.48229218,-0.01322217,-0.01543366,0,1
9/14/2021,-0.86252683,-0.02%,46.53139496,-90.75364685,-0.00053904,-0.00573094,1,1
9/13/2021,-0.3475371,0.03%,50.821064,-75.57492065,-0.00554591,-0.01034662,1,1
9/10/2021,-0.59269464,0.01%,50.61131287,-95.73719788,-0.00136199,-0.00703931,1,1
9/9/2021,0.25605375,0.08%,57.25052643,-35.4325943,-0.00862919,-0.014048,1,1
9/8/2021,0.79162145,0.13%,61.84577179,-17.01996231,-0.010213,-0.01713901,1,0
9/7/2021,0.9786818,0.14%,63.20987701,-14.5972271,-0.00776591,-0.01645544,1,1
9/3/2021,1.46936452,0.18%,65.53599548,-5.26950073,-0.00885504,-0.01853009,1,0
9/2/2021,1.70061696,0.20%,66.62472534,-4.30036974,-0.00628496,-0.01714285,1,0
9/1/2021,1.60554683,0.18%,67.91654205,-7.02430296,-0.00121796,-0.01257203,1,1
8/31/2021,1.65838194,0.18%,63.69684601,-9.66096783,0.00024717,-0.01032674,1,1
8/30/2021,2.11087942,0.21%,68.09484863,-5.11828232,-0.00154325,-0.011035,1,1
8/27/2021,1.82882619,0.18%,64.86261749,-3.50747347,0.00355742,-0.00543894,1,1
8/26/2021,0.89979154,0.12%,57.40471268,-24.34845734,0.01126596,0.00390862,2,1
8/25/2021,1.78608739,0.17%,63.709198,-4.72301817,0.00162614,-0.00232488,1,1
8/24/2021,1.78837359,0.17%,62.45476532,-4.28688145,0.00293134,-0.00026209,1,1
8/23/2021,1.82583213,0.16%,58.46691895,-7.71287727,0.00353793,0.00134325,1,1
8/20/2021,0.6479184,0.10%,55.08982086,-33.69698334,0.01123609,0.01008265,2,1
8/19/2021,-0.60705251,0.04%,56.19428253,-65.41138458,0.0154627,0.01710731,2,2
8/18/2021,-0.68050522,0.03%,56.56811905,-71.06061554,0.01173449,0.01691139,2,1
8/17/2021,0.91994941,0.13%,68.94488525,-27.55203056,-0.0030148,0.00438251,1,1
8/16/2021,1.70031893,0.19%,79.31134033,-0.69382906,-0.00859117,-0.00265556,1,1
8/13/2021,1.35524869,0.18%,66.89445496,0,-0.00335073,-0.00001796,1,1
8/12/2021,1.31331432,0.18%,61.27720642,-2.11011362,-0.00025861,0.00196336,1,1
8/11/2021,1.19898105,0.16%,58.29157639,-1.51328158,0.00274406,0.0046985,1,1
8/10/2021,1.09612679,0.15%,57.85921097,-7.6923337,0.0042418,0.00666923,1,1
8/9/2021,1.08485639,0.15%,55.49255753,-7.16439152,0.00408606,0.00729631,1,1
8/6/2021,1.27954304,0.17%,57.47867966,-1.86376035,0.00176294,0.00563648,1,1
8/5/2021,1.23925865,0.16%,60.63579941,-0.16428676,0.00290082,0.00683198,1,1
8/4/2021,0.70280939,0.12%,54.4919014,-13.68125629,0.00818914,0.01246314,1,1
8/3/2021,1.28447509,0.17%,58.07069778,-3.02207661,0.00065008,0.00643892,1,1
8/2/2021,0.53728014,0.11%,54.02609253,-20.87920761,0.0085149,0.01395069,1,1
7/30/2021,0.81638926,0.14%,57.9421196,-16.3736763,0.00363106,0.01056248,1,1
7/29/2021,1.4437983,0.19%,62.38003922,-5.49450159,-0.00247843,0.00462258,1,1
7/28/2021,1.11625707,0.16%,61.23928833,-11.60661125,0.00265401,0.0085137,1,1
7/27/2021,1.27786493,0.18%,60,-10.34891891,0.00122328,0.0071535,1,1
7/26/2021,1.9019686,0.22%,63.09654617,-0.0572313,-0.00362814,0.00200348,1,1
7/23/2021,1.91630852,0.21%,63.43429947,-2.1997323,0.00012212,0.0043643,1,1
7/22/2021,0.99304092,0.14%,61.96736145,-14.95901775,0.01007276,0.01397851,1,1
7/21/2021,0.82862163,0.13%,60.6317215,-20.76506424,0.00885692,0.01480163,1,1
7/20/2021,0.03254152,0.07%,59.45308685,-43.51085281,0.01435908,0.02190937,2,2
7/19/2021,-1.19361758,-0.04%,59.29957199,-81.21586609,0.02383725,0.03423204,2,2
7/16/2021,0.26689845,0.09%,60.41465759,-60.14147186,0.0007021,0.01555715,1,1
7/15/2021,0.93260139,0.16%,65.07400513,-28.41481972,-0.00731599,0.00618552,1,1
7/14/2021,1.27256691,0.20%,63.66869736,-14.31191254,-0.00807848,0.00236162,1,1
7/13/2021,1.31425309,0.20%,61.84708405,-15.93758202,-0.00401975,0.00351301,1,1
7/12/2021,1.74805617,0.24%,64.94267273,-1.4422493,-0.00605527,-0.00021697,1,1
7/9/2021,1.70856881,0.22%,64.24116516,-1.64705169,-0.00042976,0.00342455,1,1
7/8/2021,0.97356045,0.14%,61.87309647,-20.24503136,0.01026093,0.01368158,1,1
7/7/2021,1.8379997,0.22%,66.61694336,-1.69199705,-0.00117633,0.00431747,1,1
7/6/2021,1.7930584,0.20%,65.2592392,-6.35201359,0.00265526,0.00736202,1,1
7/2/2021,2.30347085,0.23%,66.12142181,-1.81480837,-0.00011403,0.00476755,1,1
7/1/2021,1.88006127,0.17%,66.62535095,-0.8253243,0.00752935,0.01195237,1,1
6/30/2021,1.35939503,0.14%,61.1675148,-7.79565287,0.01068934,0.01651639,2,1
6/29/2021,1.39275897,0.14%,61.52153397,-10.81312656,0.00804848,0.0158727,1,1
6/28/2021,1.97841239,0.17%,63.23101807,-1.08972871,0.00240802,0.01137701,1,1
6/25/2021,2.01555943,0.16%,63.14766693,-3.68432045,0.00369251,0.0123989,1,1
6/24/2021,1.74306214,0.13%,61.55405426,-4.70001221,0.00616926,0.01495814,1,1
6/23/2021,0.96681756,0.09%,59.45849609,-15.8986311,0.00985697,0.0193315,1,2
6/22/2021,1.25176907,0.11%,58.64371109,-11.06013107,0.00548796,0.01639535,1,1
6/21/2021,0.4453114,0.07%,61.09090805,-34.79275894,0.00898481,0.02021935,1,2
6/18/2021,-1.62092054,-0.04%,52.10484314,-96.5435791,0.02007504,0.03255104,2,2
6/17/2021,0.43937886,0.07%,71.28013611,-38.0001297,-0.00006859,0.01578581,1,1
6/16/2021,0.54677993,0.08%,68.82022095,-36.35325623,-0.0004064,0.01391644,1,1
6/15/2021,1.20267546,0.13%,65.75920105,-11.17661381,-0.0057531,0.00703832,1,1
6/14/2021,1.56422663,0.16%,65.50801849,0,-0.00592409,0.00425782,1,1
6/11/2021,1.49519968,0.15%,70.86156464,-3.52467322,-0.00144699,0.00637427,1,1
6/10/2021,1.39836609,0.14%,74.00691223,-10.16025829,0.00077986,0.00752341,1,1
6/9/2021,0.95954275,0.11%,58.22784805,-14.1386776,0.00514031,0.01145624,1,1
6/8/2021,1.20356905,0.13%,54.56204224,-5.16388845,0.00185028,0.00877775,1,1
6/7/2021,1.2866658,0.14%,50.14712143,-3.89353919,0.00138821,0.00809757,1,1
6/4/2021,1.37389231,0.15%,53.22000122,-1.85406625,0.00007533,0.00647067,1,1
6/3/2021,0.56623971,0.08%,52.86175156,-22.56240845,0.00911543,0.01497227,1,1
6/2/2021,0.9955197,0.12%,54.5416832,-13.37490082,0.00225023,0.0096913,1,1
6/1/2021,0.9070096,0.11%,51.39250565,-16.91940689,0.00318745,0.01046776,1,1
5/28/2021,1.02191794,0.13%,52.53565979,-7.52962589,0.00134636,0.00868661,1,1
5/27/2021,0.87354422,0.12%,49.29227066,-19.84270477,0.00284549,0.00982078,1,1
5/26/2021,0.80657667,0.12%,51.50905228,-20.96679115,0.00233912,0.00933065,1,1
5/25/2021,0.64347416,0.11%,50.71098709,-25.19628906,0.00338282,0.01027795,1,1
5/24/2021,0.88926011,0.13%,51.36550522,-20.30204201,0.00014828,0.00717749,1,1
5/21/2021,-0.18980002,0.05%,48.45360947,-43.56493378,0.01019232,0.01665191,1,1
5/20/2021,-0.12838329,0.06%,52.55582047,-41.81261826,0.00603016,0.01429491,1,1
5/19/2021,-1.22764504,-0.02%,45.55617905,-66.16307831,0.01473205,0.02374037,2,2
5/18/2021,-1.05701268,0.00%,49.81326675,-60.12078094,0.00715502,0.01878212,1,2
5/17/2021,-0.08442952,0.08%,50.26018524,-40.18126297,-0.0039093,0.00820866,1,1
5/14/2021,0.19277538,0.10%,49.40035248,-34.62226486,-0.0050024,0.00500668,1,1
5/13/2021,-1.52983093,-0.02%,45.09090805,-69.60723877,0.01196543,0.01995101,2,2
5/12/2021,-3.12436485,-0.11%,44.69930649,-96.37458038,0.0199571,0.03015064,2,2
5/11/2021,-0.83534729,0.07%,51.56771088,-66.6668396,-0.00832567,0.00535027,1,1
5/10/2021,0.57812047,0.15%,56.81444931,-41.51101685,-0.01427254,-0.00397251,0,1
5/7/2021,2.09271598,0.25%,62.53845978,-5.79317141,-0.01921484,-0.01335206,0,1
5/6/2021,1.32550156,0.20%,62.4903717,-15.73266888,-0.00576363,-0.00502897,1,1
5/5/2021,0.23476449,0.15%,61.20552444,-49.24544525,0.00426405,0.00355064,1,1
5/4/2021,0.30721506,0.16%,61.6132431,-49.99983597,0.00302646,0.00339616,1,1
5/3/2021,1.03006589,0.22%,65.26579285,-24.78435516,-0.00408141,-0.0030327,1,1
4/30/2021,0.88906324,0.22%,69.08595276,-34.15930176,-0.00045897,-0.00048197,1,1
4/29/2021,1.4656812,0.29%,76.17562103,-6.41816664,-0.00690804,-0.00703742,1,1
4/28/2021,0.97495806,0.25%,75.5177536,-16.36190605,0.00203826,0.00026462,1,1
4/27/2021,1.0377723,0.27%,74.146698,-6.83369541,0.00088916,-0.00022978,1,1
4/26/2021,1.1300205,0.29%,73.96764374,-5.0300622,0.00027997,-0.00052054,1,1
4/23/2021,1.10951054,0.29%,76.12931824,-12.05444431,0.00235405,0.00169498,1,1
4/22/2021,0.64924508,0.22%,75.00579834,-38.68069839,0.01224606,0.01220974,2,1
4/21/2021,1.13935184,0.31%,77.74573517,-9.10592937,-0.00108738,0.00176914,1,1
4/20/2021,0.83118802,0.25%,70.71972656,-25.09632301,0.00866298,0.0110103,1,1
4/19/2021,1.24304092,0.33%,77.61962891,-10.53323078,-0.00160201,0.00255377,1,1
4/16/2021,1.59306669,0.39%,80.07595062,-2.25689602,-0.00598951,-0.00262735,1,1
4/15/2021,1.64561892,0.38%,69.584198,-1.05086136,-0.00050186,0.00111977,1,1
4/14/2021,1.36064887,0.31%,67.43728638,-8.64618587,0.010396,0.01175829,1,1
4/13/2021,1.693874,0.36%,68.80802917,-2.57884312,0.00369327,0.00738899,1,1
4/12/2021,1.8010987,0.35%,69.62365723,-0.9383136,0.00519073,0.00942547,1,1
4/9/2021,2.07713938,0.37%,69.87397003,-0.61827707,0.00391157,0.00898108,1,1
4/8/2021,2.01261234,0.33%,70.64241791,-0.04673097,0.00981606,0.01537358,1,1
4/7/2021,2.00447512,0.30%,70.90355682,-2.97165132,0.01144569,0.01884682,2,2
4/6/2021,2.2131772,0.31%,73.64291382,-5.29954576,0.00889923,0.01833248,1,2
4/5/2021,2.45931935,0.33%,71.34346771,-3.01056862,0.00536712,0.01601497,1,1
4/1/2021,1.70964956,0.22%,71.94287872,-0.9187628,0.01805285,0.02912177,2,2
3/31/2021,0.90959013,0.14%,63.59107208,-14.69356823,0.02275839,0.0372232,2,2
3/30/2021,0.72164273,0.12%,57.02788925,-26.78429604,0.01920099,0.03778024,2,2
3/29/2021,0.97131979,0.15%,55.12936401,-18.97551918,0.01021153,0.03153827,1,2
3/26/2021,1.09553456,0.16%,61.34004593,-17.12831688,0.00619928,0.02791303,1,2
3/25/2021,0.33412814,0.06%,56.49105453,-43.01495743,0.01692793,0.03831876,2,2
3/24/2021,0.02986571,0.02%,47.97217178,-36.785923,0.01697238,0.04048795,2,2
3/23/2021,0.36580887,0.07%,52.29463196,-27.51757622,0.00571549,0.0308923,1,2
3/22/2021,0.87972569,0.14%,54.68053436,-16.493927,-0.00356428,0.02039817,1,2
3/19/2021,0.42917004,0.08%,50.47562408,-28.26350594,0.00551092,0.02650724,1,2
3/18/2021,0.55526245,0.10%,50.46062469,-25.611269,0.00188903,0.02216172,1,2
3/17/2021,1.56539273,0.23%,53.50559235,-3.35681057,-0.0134618,0.00505354,0,1
3/16/2021,1.4616034,0.21%,52.67799759,-7.25067902,-0.00573513,0.00785607,1,1
3/15/2021,1.64202189,0.23%,52.73719406,-1.27029657,-0.00494416,0.00597496,1,1
3/12/2021,1.31053412,0.19%,52.53144073,-6.4103694,0.00248021,0.01123249,1,1
3/11/2021,1.28025842,0.19%,52.58495712,-8.74543953,0.00306518,0.01158649,1,1
3/10/2021,0.48646745,0.11%,49.39264297,-14.04995823,0.0126216,0.02115036,2,2
3/9/2021,-0.03332603,0.06%,47.17014313,-25.75839233,0.01464837,0.02543642,2,2
3/8/2021,-1.19212615,-0.05%,44.95023727,-52.54601669,0.02389231,0.03732618,2,2
3/5/2021,-0.89517868,-0.01%,47.84059525,-47.33496857,0.01094485,0.0287005,2,2
3/4/2021,-2.48177457,-0.16%,45.39103317,-78.38637543,0.02576485,0.04477784,2,2
3/3/2021,-1.70420504,-0.06%,49.91589355,-79.87713623,0.00464536,0.02769463,1,2
3/2/2021,-0.40479472,0.05%,60.01254272,-47.88531494,-0.01014228,0.01152808,1,1
3/1/2021,0.41140127,0.12%,67.70627594,-28.99044228,-0.01444414,0.00261467,0,1
2/26/2021,-1.03723586,-0.07%,52.50611496,-87.17595673,0.01453571,0.02682349,2,2
2/25/2021,-0.65413928,-0.02%,57.27418137,-84.50163269,0.00414674,0.0186451,1,2
2/24/2021,0.83466256,0.18%,57.36589432,-17.21177673,-0.02129112,-0.00752474,0,1
2/23/2021,0.26779044,0.10%,53.10418701,-47.89716339,-0.00329052,0.00417722,1,1
2/22/2021,0.21830042,0.10%,54.07111359,-49.36431122,-0.0009315,0.005049,1,1
2/19/2021,0.70750409,0.18%,55.90602493,-18.02574348,-0.00848024,-0.00333185,1,1
2/18/2021,0.87063938,0.20%,57.03330612,-13.10923004,-0.00748018,-0.0048462,1,1
2/17/2021,1.2021507,0.25%,62.99406052,-6.63860226,-0.009234,-0.00863437,1,1
2/16/2021,1.32370675,0.26%,64.89899445,-6.97480869,-0.00593552,-0.00759198,1,1
2/12/2021,1.52917302,0.29%,62.30884171,-0.61898619,-0.00489502,-0.00780418,1,1
2/11/2021,1.40265298,0.26%,59.61865234,-6.30664921,0.00181447,-0.00200256,1,1
2/10/2021,1.46585166,0.26%,59.83852768,-8.93817043,0.00282886,-0.00019763,1,1
2/9/2021,1.68747401,0.28%,60.01881409,-2.64926958,0.00149491,-0.00056905,1,1
2/8/2021,2.0125978,0.30%,57.84224701,0,0.0001881,-0.00132218,1,1
2/5/2021,1.72843659,0.25%,57.32378769,-3.71768594,0.00750483,0.00617339,1,1
2/4/2021,1.60851979,0.23%,60.04468155,-0.12155148,0.00902295,0.00960748,1,1
2/3/2021,0.69541383,0.15%,58.7253685,-22.09095573,0.01727625,0.01998336,2,2
2/2/2021,0.67769605,0.14%,60.05841064,-24.26896477,0.01252685,0.01909621,2,2
2/1/2021,-0.40582678,0.03%,51.7961998,-55.19615173,0.02284504,0.03189961,2,2
1/29/2021,-1.6488477,-0.09%,48.45798492,-89.98143005,0.03191273,0.04576818,2,2
1/28/2021,-0.08767125,0.08%,56.02182388,-59.3675499,0.0008279,0.02055887,1,2
1/27/2021,-0.66523123,0.02%,52.34117126,-82.21347046,0.00895188,0.02715232,1,2
1/26/2021,1.24420071,0.23%,67.1013031,-11.99493885,-0.0184399,-0.00029275,0,1
1/25/2021,1.46993792,0.25%,69.06633759,-3.23834777,-0.01377488,-0.0017646,0,1
1/22/2021,1.30807257,0.23%,68.15882874,-10.45500278,-0.00515696,0.00246064,1,1
1/21/2021,1.69039452,0.28%,66.82370758,-3.62937832,-0.00699347,-0.00134941,1,1
1/20/2021,1.86498153,0.28%,64.8477478,-4.79828262,-0.00373138,-0.00028685,1,1
1/19/2021,1.06271589,0.19%,58.07906342,-16.52451897,0.01106674,0.013325,2,1
1/15/2021,0.4984065,0.13%,57.07688141,-34.42623138,0.01534069,0.02005577,2,2
1/14/2021,1.16319275,0.20%,61.77905655,-18.16386223,0.00302467,0.01088686,1,1
1/13/2021,1.58698881,0.24%,68.3028717,-10.42620564,-0.00137125,0.00643594,1,1
1/12/2021,1.52395606,0.24%,64.89607239,-16.13109207,0.00158243,0.00833633,1,1
1/11/2021,1.70263076,0.25%,64.16053009,-15.08170033,0.00114119,0.00762928,1,1
1/8/2021,2.56452537,0.32%,67.83029175,-1.21127546,-0.00577916,0.00032261,1,1
1/7/2021,2.70563126,0.29%,60.83551025,-4.90403843,0.00175041,0.00591844,1,1
1/6/2021,1.51269042,0.18%,56.07613373,-25.58522797,0.01612611,0.0203766,2,2
1/5/2021,0.77543253,0.14%,52.21644974,-34.88144684,0.01688172,0.02461351,2,2
1/4/2021,-0.20336038,0.09%,53.17555237,-55.19118118,0.0179062,0.02899345,2,2
12/31/2020,1.92234957,0.21%,61.58917618,-6.41502142,-0.00178315,0.01231759,1,1
12/30/2020,1.36678779,0.18%,60.0216713,-19.1998291,0.00418722,0.0165869,1,1
12/29/2020,1.29450274,0.18%,64.16316223,-23.79974365,0.00414265,0.0163748,1,1
12/28/2020,1.61060679,0.21%,62.58288574,-4.46751595,0.00065141,0.0126795,1,1
12/24/2020,0.52730137,0.15%,60.06066513,-38.25878906,0.00913603,0.02026978,1,2
12/23/2020,0.07409979,0.13%,57.04883957,-53.72275543,0.01011142,0.02240897,1,2
12/22/2020,0.04556743,0.13%,63.44339752,-56.81541061,0.00754615,0.021091,1,2
12/21/2020,0.78108573,0.19%,69.37870026,-33.33333206,-0.00103634,0.01293053,1,1
12/18/2020,1.07401299,0.23%,67.09584808,-21.3056469,-0.00377111,0.0085806,1,1
12/17/2020,1.48641241,0.28%,71.01573944,-1.96552336,-0.00650975,0.00372654,1,1
12/16/2020,1.18918383,0.25%,61.88038635,-8.00004482,0.00107516,0.00882854,1,1
12/15/2020,1.20063388,0.26%,58.67747116,-11.84554577,0.00224888,0.0095309,1,1
12/14/2020,0.19780575,0.16%,57.97447968,-54.36172104,0.01534044,0.02256296,2,2
12/11/2020,0.62408531,0.21%,64.75672913,-29.45532227,0.0056043,0.01574479,1,1
12/10/2020,0.78697938,0.24%,60.84938431,-26.56343651,0.00245535,0.01295103,1,1
12/9/2020,0.90581191,0.26%,63.04732513,-24.4199791,0.00116158,0.01123734,1,1
12/8/2020,1.60897529,0.35%,66.89347839,-3.53177404,-0.00811071,0.00119879,1,1
12/7/2020,1.61126792,0.35%,69.09091187,-4.57383251,-0.00253335,0.00397712,1,1
12/4/2020,1.88014567,0.38%,69.99555969,-0.20789185,-0.00353978,0.00173777,1,1
12/3/2020,1.50597703,0.33%,72.03144073,-10.78344345,0.00622735,0.01019343,1,1
12/2/2020,1.53941131,0.35%,75.68399811,-5.24206543,0.00385364,0.00892321,1,1
12/1/2020,1.35237658,0.36%,77.56977844,-9.9535656,0.00468568,0.01020162,1,1
11/30/2020,0.85339963,0.28%,77.505867,-15.69699287,0.01416103,0.02033445,2,2
11/27/2020,1.03022993,0.34%,75.10150909,-8.06694317,0.00490912,0.0138263,1,1
11/25/2020,1.0164206,0.34%,75.96425629,-12.74576569,0.00613329,0.01539628,1,1
11/24/2020,1.13976455,0.37%,65.53496552,-9.25821304,0.00243423,0.01225903,1,1
11/23/2020,0.78818834,0.25%,61.93279648,-29.22411728,0.01784783,0.02746986,2,2
11/20/2020,0.69401735,0.22%,56.00870132,-29.92104912,0.01788027,0.03091209,2,2
11/19/2020,0.94502962,0.29%,58.36554337,-18.83138084,0.00514712,0.02108767,1,2
11/18/2020,0.89733815,0.28%,58.57142639,-20.29359055,0.00763128,0.02334468,1,2
11/17/2020,1.36179733,0.40%,61.48522186,-9.94080353,-0.00710672,0.00873269,1,1
11/16/2020,1.68572915,0.46%,63.65878677,-5.66575146,-0.00969909,0.00287663,1,1
11/13/2020,1.49986947,0.38%,57.18176651,-15.94128132,0.00558281,0.01476146,1,1
11/12/2020,1.1357038,0.28%,54.06888199,-27.2984848,0.01735837,0.02712306,2,2
11/11/2020,1.56503737,0.37%,56.34428787,-19.49524498,0.0022169,0.01506459,1,1
11/10/2020,1.419572,0.33%,52.9430542,-25.39276695,0.00852707,0.02076459,1,2
11/9/2020,1.54320931,0.35%,51.58532715,-24.31109619,0.00438806,0.01747363,1,2
11/6/2020,1.04996443,0.26%,52.42095566,-6.62247324,0.01542506,0.0284696,2,2
11/5/2020,1.09769356,0.27%,54.41090393,-6.47527504,0.01015782,0.02563075,1,2
11/4/2020,0.30172366,0.11%,52.01295853,-25.54182243,0.02648559,0.04322486,2,2
11/3/2020,-0.66412109,-0.08%,50.74414063,-52.43804169,0.04057121,0.06250548,2,2
11/2/2020,-1.40859818,-0.22%,42.94675827,-74.2294693,0.04516331,0.07518868,2,2
10/30/2020,-2.07673907,-0.32%,44.61274338,-87.39031219,0.04209977,0.08046008,2,2
10/29/2020,-1.77971089,-0.24%,44.98504257,-82.88726807,0.01650547,0.06073286,2,2
10/28/2020,-2.53594828,-0.33%,43.91653442,-98.24214172,0.02165045,0.06605822,2,2
10/27/2020,-0.82936686,-0.05%,55.0695076,-85.70580292,-0.02049376,0.02327854,0,2
10/26/2020,-0.51908123,-0.02%,53.07252502,-79.59667969,-0.01692066,0.01768861,0,2
10/23/2020,0.61845493,0.13%,63.01394653,-41.96232605,-0.02948923,-0.00270726,0,1
10/22/2020,0.50627375,0.11%,65.33695221,-47.94894409,-0.01631503,0.00095372,0,1
10/21/2020,0.31806388,0.08%,64.79310608,-49.40504456,-0.00544149,0.00636241,1,1
10/20/2020,0.47671303,0.10%,58.27260208,-46.6920166,-0.00542825,0.00393882,1,1
10/19/2020,0.37630278,0.07%,59.41176605,-52.59392166,0.00031389,0.00752458,1,1
10/16/2020,1.05853641,0.21%,60.79642105,-29.65258408,-0.01490417,-0.00840506,0,1
10/15/2020,1.20636678,0.23%,57.83291626,-28.36738968,-0.01077346,-0.00844378,0,1
10/14/2020,1.38168883,0.25%,55.91199493,-19.57889938,-0.0083625,-0.00881944,1,1
10/13/2020,1.80423594,0.31%,56.51362991,-11.82905293,-0.01178921,-0.01417852,0,1
10/12/2020,2.36620164,0.38%,59.20843506,-4.97018003,-0.0142036,-0.01914051,0,0
10/9/2020,1.98334754,0.26%,58.51939011,-2.16134501,0.00651222,-0.00146299,1,1
10/8/2020,1.77165878,0.19%,56.88549423,-0.38451272,0.01327908,0.0075634,2,1
10/7/2020,1.4106828,0.12%,50.57926559,-6.84651136,0.01778083,0.01575351,2,1
10/6/2020,0.19640425,-0.01%,51.12400055,-34.23239899,0.02921574,0.03165599,2,2
10/5/2020,1.24073327,0.10%,48.12943649,-15.39229679,0.00523434,0.01427031,1,1
10/2/2020,-0.05026117,-0.04%,42.44532776,-42.00594711,0.02102571,0.0306122,2,2
10/1/2020,0.42164797,0.03%,37.87379837,-27.70601273,0.00458446,0.01813688,1,2
9/30/2020,-0.11313847,-0.03%,39.98041534,-37.38830566,0.00941396,0.02285201,1,2
9/29/2020,-0.51017314,-0.09%,40.454216,-49.05666733,0.01402165,0.02853205,2,2
9/28/2020,-0.20682871,-0.02%,41.4251976,-33.86302185,-0.00066847,0.01563502,1,1
9/25/2020,-0.87228173,-0.16%,39.15514755,-59.08641052,0.01629714,0.0311331,2,2
9/24/2020,-1.52076483,-0.29%,35.71720886,-85.91208649,0.02705217,0.04463234,2,2
9/23/2020,-1.82518709,-0.33%,37.76427078,-97.22944641,0.02083913,0.04324773,2,2
9/22/2020,-1.1867379,-0.15%,42.57028198,-75.91352844,-0.00959644,0.01505507,1,1
9/21/2020,-1.7360431,-0.23%,42.66895676,-85.20093536,0.00364747,0.02386874,1,2
9/18/2020,-1.46509051,-0.15%,45.69781113,-90.96604156,-0.00844717,0.01050875,1,1
9/17/2020,-1.01066709,-0.06%,49.0389061,-82.66673279,-0.01719949,-0.00223619,0,1
9/16/2020,-0.58807224,0.02%,50.11787033,-72.00006104,-0.02010342,-0.01074287,0,1
9/15/2020,-0.38147226,0.05%,51.63440323,-67.05884552,-0.01737938,-0.01371175,0,1
9/14/2020,-0.61906534,0.01%,51.16949844,-73.33338165,-0.00650077,-0.00732463,1,1
9/11/2020,-1.23896837,-0.08%,47.83501816,-88.98040009,0.00860745,0.00628448,1,1
9/10/2020,-1.32573819,-0.09%,47.19904709,-96.10066223,0.00649241,0.00643998,1,1
9/9/2020,-0.47534046,0.06%,55.53428268,-73.29981995,-0.01323575,-0.01176339,0,1
9/8/2020,-1.36582267,-0.08%,47.98738861,-98.65656281,0.01072979,0.00887473,2,1
9/4/2020,-0.00015968,0.15%,58.06661224,-65.21736145,-0.02051942,-0.01966705,0,0
9/3/2020,0.45936659,0.23%,61.58230591,-56.85918808,-0.02157362,-0.02565516,0,0
9/2/2020,2.27739406,0.55%,84.15870667,-4.29571438,-0.04850157,-0.05702522,0,0
9/1/2020,1.95100248,0.45%,82.74448395,-0.4976182,-0.01823844,-0.03777893,0,0
8/31/2020,1.69045627,0.40%,81.74841309,-12.22145748,-0.00292735,-0.02515503,1,0
8/28/2020,2.08682775,0.45%,85.87699127,-0.75540352,-0.00545235,-0.02618726,1,0
8/27/2020,1.97875762,0.42%,86.0629425,-8.70355034,0.00284002,-0.01734857,1,0
8/26/2020,2.04738855,0.43%,82.8110199,-1.37371039,0.00390068,-0.01372429,1,1
8/25/2020,1.70450103,0.37%,82.99404907,-0.49956295,0.01284203,-0.00232883,2,1
8/24/2020,1.60746562,0.36%,77.74716949,-0.64109194,0.01208231,0.00137646,2,1
8/21/2020,1.18784308,0.30%,77.03001404,-3.16461277,0.01829917,0.01142051,2,1
8/20/2020,1.0829798,0.28%,71.68823242,-13.09410095,0.01581424,0.01394099,2,1
8/19/2020,1.02099586,0.28%,63.55859756,-14.31925583,0.0137392,0.01581596,2,1
8/18/2020,1.36231852,0.33%,67.6727829,-2.18112254,0.00487845,0.01000669,1,1
8/17/2020,1.40902972,0.33%,67.645401,-2.09294033,0.00535248,0.01116606,1,1
8/14/2020,1.39353621,0.33%,68.92624664,-7.58453321,0.0068108,0.0133663,1,1
8/13/2020,1.55399752,0.35%,69.56983185,-7.58453321,0.00454055,0.01209328,1,1
8/12/2020,1.8544991,0.38%,68.96551514,-4.39742184,0.00131231,0.00921338,1,1
8/11/2020,1.25066495,0.29%,67.6098938,-25.3863678,0.01458649,0.02214969,2,2
8/10/2020,1.91143322,0.38%,75.38380432,-1.05265486,0.00157041,0.01180291,1,1
8/7/2020,1.88613331,0.37%,69.72616577,-1.67846465,0.00423862,0.01390136,1,1
8/6/2020,2.13730001,0.39%,71.69274902,-0.64328951,0.00334813,0.01310472,1,1
8/5/2020,1.95738649,0.35%,67.74813843,-2.06611466,0.00896494,0.01865436,1,2
8/4/2020,1.79141903,0.32%,67.94075775,0,0.01224631,0.02321527,2,2
8/3/2020,1.66609836,0.30%,62.30222321,-8.58341217,0.01240395,0.02529816,2,2
7/31/2020,1.40800476,0.26%,64.39246368,-3.71686482,0.01461937,0.02933086,2,2
7/30/2020,0.88178742,0.21%,63.56383133,-21.51545334,0.01819452,0.03512608,2,2
7/29/2020,1.20202219,0.25%,66.60865784,-13.72397614,0.00843636,0.02801573,1,2
7/28/2020,0.50841415,0.17%,66.72447205,-36.0946312,0.01778858,0.03775059,2,2
7/27/2020,0.91189045,0.23%,71.18173981,-23.99734306,0.0055896,0.0277477,1,2
7/24/2020,0.61223161,0.19%,60.76294327,-38.13274765,0.01104606,0.03258061,2,2
7/23/2020,0.98636603,0.26%,65.21075439,-25.5095787,0.00084605,0.02281667,1,2
7/22/2020,1.63042569,0.37%,60.82547379,-1.51822495,-0.0113962,0.00844332,0,1
7/21/2020,1.58456385,0.34%,60.54470444,-10.48781586,-0.00194797,0.01337541,1,1
7/20/2020,1.69850636,0.35%,61.42256546,-3.43053222,0.00077923,0.01420723,1,1
7/17/2020,1.49088955,0.29%,57.89380264,-5.44717312,0.00884722,0.02128461,1,2
7/16/2020,1.52253151,0.29%,57.50134659,-8.98779392,0.00855983,0.02195467,1,2
7/15/2020,1.91077638,0.33%,57.03111267,-5.08395433,0.002781,0.01689705,1,1
7/14/2020,1.59401953,0.27%,59.15159607,-15.73866367,0.01074317,0.02429637,2,2
7/13/2020,0.81730795,0.17%,58.21953583,-33.54811096,0.02064159,0.03566028,2,2
7/10/2020,1.5515399,0.26%,63.22172546,-1.21470141,0.0045892,0.02292475,1,2
7/9/2020,0.97714031,0.19%,47.02233505,-16.39151001,0.01312814,0.03098763,2,2
7/8/2020,1.18482137,0.24%,46.79012299,-7.66502619,0.00361067,0.02279666,1,2
7/7/2020,0.61393124,0.20%,43.87264633,-20.28304291,0.00984947,0.0282031,1,2
7/6/2020,1.0008992,0.29%,48.3993988,-1.89784753,-0.00387056,0.01488382,1,1
7/2/2020,0.18395984,0.18%,50.34085083,-20.49827003,0.01289513,0.02919082,2,2
7/1/2020,-0.06112465,0.14%,48.90829468,-28.65230179,0.01368632,0.03158996,2,2
6/30/2020,-0.4113954,0.10%,50.09693527,-50.94340515,0.01603142,0.03562165,2,2
6/29/2020,-1.05558205,0.00%,49.16392136,-70.66039276,0.02416588,0.04599452,2,2
6/26/2020,-1.53191888,-0.07%,48.23008728,-81.6257782,0.02560769,0.05134956,2,2
6/25/2020,-0.40400508,0.13%,53.8016777,-55.23416519,-0.00676371,0.02193514,1,2
6/24/2020,-0.85775763,0.05%,51.30317688,-67.33191681,0.0060204,0.03063325,1,2
6/23/2020,0.43024278,0.28%,60.34700012,-37.31159592,-0.02166507,0.00143089,0,1
6/22/2020,0.29856113,0.26%,61.67098618,-42.60698318,-0.00997704,0.00583218,1,1
6/19/2020,0.10797375,0.22%,60.90810013,-50.30548477,-0.00006318,0.01194391,1,1
6/18/2020,0.41666168,0.29%,60.65345383,-43.42156982,-0.00593732,0.00484731,1,1
6/17/2020,0.45419553,0.30%,63.01309967,-44.48067474,-0.00305402,0.0052974,1,1
6/16/2020,0.68628877,0.36%,61.89591217,-39.10386658,-0.00661454,0.00018318,1,1
6/15/2020,0.126582,0.22%,63.22108841,-61.58852768,0.01506472,0.01972963,2,2
6/12/2020,-0.05225022,0.17%,62.51231003,-72.24037933,0.01925339,0.02713198,2,2
6/11/2020,-0.28327504,0.10%,62.4012413,-75.48524475,0.02504152,0.03689513,2,2
6/10/2020,1.30919957,0.60%,75.41346741,-14.73761654,-0.04190364,-0.02617848,0,0
6/9/2020,1.61650336,0.69%,71.08646393,-8.12368488,-0.03399754,-0.02977373,0,0
6/8/2020,2.05326772,0.80%,73.59933472,-0.51757711,-0.02960438,-0.03384708,0,0
6/5/2020,2.0931704,0.73%,73.97148132,-6.545928,-0.00785057,-0.01886979,1,0
6/4/2020,1.63368285,0.56%,72.03240967,-5.58387613,0.02020096,0.00805917,2,1
6/3/2020,1.93575525,0.61%,70.73677063,-2.67963457,0.01088962,0.00472986,2,1
6/2/2020,1.77088153,0.53%,70.04249573,0,0.02055799,0.01753845,2,2
6/1/2020,1.69828904,0.49%,69.2307663,-3.81192398,0.02203963,0.02422008,2,2
5/29/2020,1.74889255,0.48%,60.36035919,-8.15820408,0.01911824,0.02636991,2,2
5/28/2020,1.81755185,0.47%,57.28077316,-12.61135578,0.01729092,0.028454,2,2
5/27/2020,2.18064237,0.51%,61.97162247,0,0.00953351,0.0237223,1,2
5/26/2020,1.8425262,0.42%,58.49344635,-11.35878372,0.02102791,0.03635561,2,2
5/22/2020,1.364308,0.33%,58.66363144,-11.30181599,0.02705086,0.04616798,2,2
5/21/2020,1.37872159,0.33%,60.52784348,-14.37944031,0.02032595,0.04411646,2,2
5/20/2020,1.92774189,0.41%,62.25205231,-4.49048615,0.00627123,0.03244612,1,2
5/19/2020,1.17151392,0.30%,62.88312149,-22.3172493,0.02056057,0.04614626,2,2
5/18/2020,1.70868981,0.39%,58.30840302,-8.6493578,0.00413381,0.03191338,1,2
5/15/2020,0.22861998,0.16%,49.59430695,-46.74099731,0.03340578,0.06032237,2,2
5/14/2020,-0.03382303,0.13%,53.49967194,-53.67008209,0.02687723,0.05932951,2,2
5/13/2020,-0.63051277,0.05%,52.35468292,-81.40778351,0.03019271,0.06638472,2,2
5/12/2020,0.37080181,0.21%,51.65272903,-50.39839172,0.00204267,0.04126855,1,2
5/11/2020,1.49408567,0.39%,60.06439209,-13.18809986,-0.0187905,0.01646161,0,1
5/8/2020,1.64139533,0.41%,58.18453979,-10.57143402,-0.01238007,0.01504487,0,1
5/7/2020,0.93056297,0.29%,57.82646942,-31.61911774,0.00832833,0.03055931,1,2
5/6/2020,0.38457391,0.21%,60.40903091,-46.33338547,0.01744475,0.03980281,2,2
5/5/2020,0.7560668,0.29%,61.7600975,-37.90472031,0.00482258,0.02904081,1,2
5/4/2020,0.45966825,0.23%,66.97897339,-49.3332634,0.01245274,0.03572508,2,2
5/1/2020,0.4170222,0.22%,64.38272858,-53.23806,0.01148411,0.03558069,2,2
4/30/2020,1.16755462,0.47%,71.18030548,-18.0388279,-0.0198083,0.00405905,0,1
4/29/2020,1.40695751,0.57%,65.53957367,-7.16923285,-0.02181178,-0.00508097,0,1
4/28/2020,0.9999131,0.38%,60.94901276,-21.52491379,0.0108569,0.02105719,2,2
4/27/2020,1.20951879,0.43%,64.35707855,-4.70867109,0.00258154,0.01434069,1,1
4/24/2020,1.01513374,0.33%,58.90619278,-13.75127983,0.01619969,0.02761615,2,2
4/23/2020,0.80003738,0.23%,62.25127411,-19.60679245,0.02546394,0.03985607,2,2
4/22/2020,0.88389325,0.24%,63.14690018,-19.1700592,0.01677783,0.03585825,2,2
4/21/2020,0.53796327,0.07%,66.86415863,-32.73138809,0.03342771,0.05515338,2,2
4/20/2020,1.10659862,0.33%,67.56716919,-12.89193726,-0.00895279,0.01781864,1,2
4/17/2020,1.48165023,0.50%,65.25632477,-0.97821593,-0.02387996,-0.00218807,0,1
4/16/2020,1.22188246,0.29%,63.48206329,-13.60001659,0.01123974,0.02556479,2,2
4/15/2020,1.27599823,0.25%,57.63869858,-17.03999901,0.01258506,0.02830094,2,2
4/14/2020,1.79337621,0.44%,63.66217041,-1.71869159,-0.01356174,0.00327895,0,1
4/13/2020,1.52164376,0.19%,51.57375336,-11.93758202,0.02121334,0.03358755,2,2
4/9/2020,1.77054834,0.26%,57.48423004,-4.70265532,0.004305,0.02039384,1,2
4/8/2020,1.75701368,0.13%,50.27839661,-2.13335299,0.01775802,0.03357088,2,2
4/7/2020,1.09907091,-0.18%,45.42731476,-17.49282265,0.0461813,0.06534528,2,2
4/6/2020,0.87277496,-0.22%,48.15006638,-3.95531678,0.03133769,0.05968715,2,2
4/3/2020,-0.2527611,-0.80%,40.48932266,-33.63130951,0.09033329,0.12569632,2,2
4/2/2020,-0.14627889,-0.73%,40.27899933,-25.36844635,0.04455523,0.0972678,2,2
4/1/2020,-0.51166224,-0.96%,37.383255,-45.79717636,0.05378999,0.11345452,2,2
3/31/2020,-0.1113509,-0.66%,41.95718002,-23.20557404,-0.01081102,0.05296894,0,2
3/30/2020,-0.03804102,-0.59%,41.23669815,-30.31310463,-0.02195123,0.03236172,0,2
3/27/2020,-0.4098922,-0.91%,42.30647659,-48.92507172,0.01722954,0.0625634,2,2
3/26/2020,-0.19548267,-0.73%,43.28811646,-37.25892258,-0.01958571,0.02414675,0,2
3/25/2020,-0.75202227,-1.28%,37.91716003,-64.72737885,0.04625865,0.08326064,2,2
3/24/2020,-0.93645573,-1.46%,36.9911232,-72.00096893,0.04406138,0.08912401,2,2
3/23/2020,-1.7149893,-2.20%,30.33400345,-95.72855377,0.12753935,0.18368979,2,2
3/20/2020,-1.70370913,-2.05%,29.85143852,-96.96286774,0.05171461,0.13039171,2,2
3/19/2020,-1.54612994,-1.81%,30.67641258,-84.96438599,-0.01059481,0.0692646,1,2
3/18/2020,-1.71468222,-1.88%,30.45855904,-85.20185852,-0.0062064,0.06358528,1,2
3/17/2020,-1.45125306,-1.54%,32.68178177,-77.3006134,-0.05857465,-0.00027858,0,1
3/16/2020,-2.15990973,-2.04%,27.90652657,-99.4200058,0.02386454,0.06520233,2,2
3/13/2020,-1.36307383,-1.20%,32.64804459,-69.85639954,-0.10334595,-0.06532049,0,0
3/12/2020,-2.42488813,-1.88%,23.574049,-99.08930206,0.01809547,0.02880863,2,2
3/11/2020,-1.83705366,-1.20%,28.89526558,-94.89829254,-0.08582065,-0.0731735,0,0
3/10/2020,-1.43003774,-0.86%,32.28212357,-77.43095398,-0.10395817,-0.11250328,0,0
3/9/2020,-2.27064753,-1.23%,26.62508774,-98.41163635,-0.02611346,-0.06010429,0,0
3/6/2020,-1.43901479,-0.66%,32.13528442,-77.82731628,-0.09322813,-0.1273464,0,0
3/5/2020,-1.30301642,-0.56%,34.5644989,-68.38263702,-0.07788136,-0.13005753,0,0
3/4/2020,-0.76541322,-0.31%,41.1527977,-48.86499405,-0.08367957,-0.14722737,0,0
3/3/2020,-1.66601467,-0.65%,35.96084595,-72.05105591,-0.01665507,-0.09728282,0,0
3/2/2020,-1.27542996,-0.46%,41.78710556,-56.18160248,-0.03838022,-0.11317291,0,0
2/28/2020,-2.38339114,-0.81%,27.50268364,-80.76612854,0.01790925,-0.06232697,2,0
2/27/2020,-2.86018538,-0.79%,29.26224327,-99.92144775,0.00583221,-0.06208595,1,0
2/26/2020,-2.3236165,-0.46%,36.21020508,-97.74034119,-0.04060893,-0.09800805,0,0
2/25/2020,-2.66216946,-0.43%,40.85783005,-96.11569214,-0.03137277,-0.09270202,0,0
2/24/2020,-1.60362041,-0.19%,44.20884323,-93.48368835,-0.05033014,-0.11139661,0,0
2/21/2020,0.33538806,0.08%,51.97554016,-35.02751923,-0.06587445,-0.13085989,0,0
2/20/2020,1.0167501,0.17%,56.55137634,-11.20322895,-0.05382609,-0.12753457,0,0
2/19/2020,1.36189139,0.22%,58.43514252,-3.97144699,-0.03966702,-0.1188596,0,0
2/18/2020,1.17593694,0.19%,55.80962372,-8.06255341,-0.02175673,-0.10324211,0,0
2/14/2020,1.47081089,0.34%,58.26938248,-2.75001526,-0.01720425,-0.09589314,0,0
